ISBN,int
9788937437496,"오월을 사랑하고 오월을 닮은 시인 피천득 수필집 『인연』. 피천득 특유의 천진함과 소박한 생각, 단정하고 깨끗한 미문(美文)으로 완성된 담백하고 욕심 없는 세계다. 이번 개정판에서는 기존에 수록된 원고 이외 「기다리는 편지」「여름밤의 나그네」 등 2편을 추가했다. 그 외에도 박준 시인의 발문과 생전에 박완서 작가가 쓴 추모 글, 피천득 작가의 아들 피수영 박사의 추모 글을 수록해 다양한 관점에서 피천득 작가를 바라볼 수 있도록 구성했다."
9788965708827,"혼자여서 괜찮은 시간에서 혼자여서 괜찮은 하루로, 나아가 혼자여서 괜찮은 삶을 살아낼 용기를 선물하는 곽정은의 에세이 『혼자여서 괜찮은 하루』. 방송에서 연애와 섹스에 대해 가장 직설적으로 이야기한 여성, 한국 최고의 연애 칼럼니스트, 19금 전문가 그리고 연애 전문가 곽정은이 한결 더 또렷하고 농밀해진 언어를 매개로 온전히 혼자로 성장하는 일에 관해 털어놓는다. "
9791196484248,"울고 싶은 너에게, 주저 앉아버린 너에게."
9791190299060,"우리 사회에는 행복해지기 위해 필요한 것이 참 많습니다. 좋은 대학, 이름난 회사, 괜찮은 연봉, 안정적인 가정. 끝이 아닙니다. 내 자식까지 이어지는 좋은 대학, 이름난 회사, 괜찮은 연봉... 이거... 몇 명이나 가능할까요? 재산이라곤 대출금 밖에 없는 서른 살 예비 신랑과, 2년간 집에만 있던 스물여섯 프리랜서. 우리도 견디다 보면 올 줄 알았습니다. 그래서 다짐했죠. '이것만 끝나면...' 하지만 결국 돌아온 것이 지쳐버린 몸과, 우울증이었을 때 결심했습니다. 아무것도 안 끝나도 좋으니, 나 좀 웃고 살자. 우리가 찾고 싶은 건 이런 겁니다. 현실에서 딱 1cm 벗어나는 행복. 최소한의 노력과 최소한의 위험으로 웃으며 살 수 있는 그런 방법. 프로젝트 1cm 다이빙 함께 하시겠습니까?"
9788932919553,"세상의 종말이 임박했다고 믿는 모르몬교 근본주의자였고, 공교육에 대한 불신 때문에 자녀들을 학교에 보내지 않았던 아버지로 인해 16년간 학교에 다니지 못하고 기초 교육 과정을 모두 건너뛴 채로 대입자격시험(ACT)을 치렀고, 17세에 대학에 합격하면서 기적과 같은 배움의 여정을 시작하게 된 타라 웨스트오버의 첫 저술이자 회고록 『배움의 발견』. "
9791190382182,"사랑스러운 그림과 따뜻한 글로 SNS상에서 15만 팔로워와 소통하고 있는 오리여인의 에세이『나에게 시간을 주기로 했다』. 일상 곳곳에 놓인 작고 소중한 마음을 들여다보는 따뜻한 통찰력을 가진 그녀의 SNS에는 “제 이야기예요!”, “카톡 프로필로 사용해도 될까요?”라는 댓글들로 빼곡하다. 이 책은 그중에서도 가장 뜨거운 반응과 지지를 얻었던 게시물과 그동안 어디서도 공개하지 않았던 저자의 내밀한 이야기들을 담았다."
9788925561820,드라마  은호와 단이가 
9791190078085,"이기주 작가의 첫 번째 앤솔로지『사랑은 내 시간을 기꺼이 건네주는 것이다』. 총 132편으로 구성된 이 책은 눈과 귀로 채집한 글감을 가슴으로 들여다보며 써내려가는 이기주 작가 특유의 관찰력과 섬세한 문장이 총망라되어 있다. 그중에서도 사랑과 인생을 소재로 한 글과 문장들이 빛을 발한다. 남녀 간의 사랑은 물론이거니와 부모 자식 간의 사랑, 이웃 간의 사랑으로 확대되는 범우주적인 사랑에 대한 단상과 인생에 대한 통찰력 있는 문장들은 보는 이의 고개를 숙연하게 만든다. 특히 효자로 소문난 작가의 어머니에 대한 글과 사연이 뭉클하다. 이 책의 제목 모티브가 된 것은 작가가 아픈 어머니를 모시고 병원에 갔을 때의 일이다. 진료를 마치고 나온 어머니는 작가에게“미안하다. 정말 미안해. 내가 네 시간을 너무 많이 뺏는 것 같구나”라고 말한다. 그때 어머니의 입술을 비집고 나온‘시간’이라는 단어가 작가의 귓속으로 스며들어 쉴 새 없이 맴돈다. "
9791188469468,"함께 가는 길에 꽃이 없다면, "
9791186925423,“괜찮지 않았던 밤마다 나를 가장 괴롭혔던 생각은 ‘내일도 괜찮지 않으면 어쩌지’였다.”
9788937461309,내면 의식의 흐름을 정교하고 섬세한 필치로 그려내면서 현대 사회의 불확실한 삶과 인간관계의 가능성을 탐색한 페미니즘 비평의 선구자 버지니아 울프 에세이집. 가부장제와 성적 불평등에 대한 예리한 공격으로 20세기 페미니즘 문학에 가장 크게 공헌한 울프의 작품 2편이 수록되어 있다.
9788932024639,"한국인 최초 맨부커상 수상작가 한강의 첫 번째 시집『서랍에 저녁을 넣어 두었다』.말과 동거하는 인간의 능력과 욕망에 대해, 그리고 말과 더불어 시인이 경험하는 환희와 불안에 대해 이야기한 소설가 한강의 시집이다. 마치 소설 속 고통받는 인물들의 독백인 듯한 비명소리를 드러내어, 영혼의 부서짐을 예민하게 감지한다."
9791190065672,"나이 71세에 유튜브 크리에이터로 전직한 박막례와 오로지 할머니의 행복을 외치는 PD 손녀 김유라의 에세이 『박막례, 이대로 죽을 순 없다』. 치과에 갈 때 하는 일상 메이크업 영상으로 하루아침에 조회수 100만을 찍더니 이틀 만에 구독자가 18명에서 18만 명으로 늘고, 이제는 89만 구독자의 사랑을 받는 유튜버가 된 박막례 할머니. 7남매 중 막내로 태어나 이름도 ‘막례’가 되어 살아온 지난 70여 년의 눈물 없인 들을 수 없는 인생 전반전부터, 유튜버로 전직하고 난 뒤 유튜브 CEO, 구글 CEO를 만나기까지 부침개 뒤집듯 뒤집힌, 말도 안 되게 신나는 이야기를 담았다."
9788994040738,"《보통의 존재》 출간 이후 6년 만에 선보이는 작가 이석원의 두 번째 산문집 『언제 들어도 좋은 말』. 현실적인 소재로 보편적인 공감을 이끌어내는 능력이 탁월한 그답게 이번 책 또한 밑줄을 그어가며 읽고 싶은 이석원의 언어로 가득한 산문집이다. 여느 에세이처럼 짧은 에피소드를 나열하는 방식이 아닌, 책 한 권을 관통하는 하나의 긴 이야기를 품되, 작가 자신의 생각과 느낌에 집중하여 글을 전개하는 산문집의 형태로 구성되어있다."
9791187498100,"『멈추면, 비로소 보이는 것들』은 편안하고 따뜻한 소통법으로 많은 이들에게 위로와 용기의 메시지를 전달하는 ‘동네 스님’ 혜민 스님은 이 책을 통해 관계에 대해, 사랑에 대해, 마음과 인생에 대해, 머리로는 알지만 마음으론 잘 안 되는 문제들을 하나하나 해결해나갈 수 있도록 돕는다. 마음이 힘들 때, 위로받고 싶을 때, 용기 내고 싶을 때 펼쳐보면 좋은 책이다."
9791188674213,"무기력한 생활을 반복하는 집순이의 셀프 마음 치유 안내서. 2년간 운영하던 작은 가게를 정리하고 백수가 된 그녀는 하루 종일 하는 일 없이 휴대폰으로 인터넷 서핑을 하거나 유튜브를 보고, 먹고 자는 반복된 일상을 보냈다. 새롭고 더 좋은 곳에서 보란 듯이 성공하리라 기대했지만, 별거 없는 하루들을 보내면서 순식간에 ‘우울하고 무기력한 집순이’가 됐다."
9791160401967,문학평론가 신형철의 두 번째 산문집 『슬픔을 공부하는 슬픔』. 《한겨레21》에 연재되었던 ‘신형철의 문학사용법’을 비롯하여 각종 일간지와 문예지 등에 연재했던 글과 미완성 원고를 모아 엮은 책이다. 4년 만에 펴낸 이번 산문집에서 저자가 평론가로서 작품과 세상 사이에 다리를 놓고자 했던 성실한 삶과 철학을 보다 면밀히 들여다볼 수 있다.
9788957090817,"20세기 최고의 정신의학자이자 호스피스 운동의 선구자 엘리자베스 퀴블러 로스와 그녀의 제자 데이비드 케슬러가 죽음으로 내몰린 사람들을 인터뷰해, 삶에서 꼭 배워야 할 것들을 정리한 책. 2004년에 사망한 엘리자베스 퀴블러 로스의 마지막 책으로, 그녀가 살아가는 동안 얻은 삶의 진실들을 담고 있다. "
9788956605418,"19세기에 쓰인 가장 중요한 책들 중 하나로 평가받는 헨리 데이빗 소로우의『월든』. 미국의 소로우 학자들과 이메일을 주고받으면서, 약 400여 곳의 단어 및 문장을 수정한 개정판이다. 출간 당시에는 별다른 주목을 끌지 못했지만 오늘날 전 세계의 많은 독자들에게 읽히고 사랑받는 책으로, 저자가 1845년부터 2년간 월든 호숫가에 통나무집을 짓고 생활한 경험을 기록하였다. "
9791190313247,
9791160401974,"미학자이자 철학자이며, 철학아카데미 대표였던 김진영 선생의 첫 산문집이자 유고집 『아침의 피아노』. 역서 《애도 일기》와 공저 《처음 읽는 프랑스 현대철학》 외에는 따로 저작이 없던 저자의 마지막 생의 의지와 책이 나오기를 손꼽아 기다렸던 제자들의 마음이 어우러져 만들어낸 선물과도 같은 책이다. "
9788993928037,"2009년 출간 이후부터 현재까지 독자들에게 꾸준한 사랑을 받아온 이석원 작가의 산문집 『보통의 존재』가 출간 10주년을 맞아 특별판을 선보인다. 이번 『보통의 존재』 10주년 기념 특별판은 오랜 세월이 지나도 곁에 두고 펼쳐 보기 좋은 페이퍼백 디자인으로 만들어졌다. 또한 출간 10년의 소회를 담은 ‘작가의 말’을 덧붙였으며, 작가가 시대의 흐름을 담아 지난 10년간 수정해온 모든 내용이 망라된 완결판이기도 하다. 본문에는 작가가 일상에서 포착하고 직접 촬영한 사진들을 새롭게 수록하였다."
9788956605593,", 의 저자 알랭 드 보통의 에세이『불안』. 이 책은 일상 속에서 우리가 겪는 다양한 불안 가운데 사회적 지위와 관련된 불안에 대해 자세하게 알아본다. 지위에 대한 불안을 끈질기게 들쑤시는 사랑결핍, 속물근성, 기대, 능력주의, 불확실성 등 모두 다섯 가지의 원인에 대해 살펴보고, 철학과 예술, 정치, 기독교, 보헤미아 등 불안을 떨칠 수 있는 다섯 가지 해법을 제시한다. 저자는 지위에 대한 불안의 성숙한 해결책은 우리가 다양한 사람들로부터 지위를 인정받을 수 있다는 사실을 인식하는 데서 시작한다고 이야기한다. 누구로부터 인정받기를 원하느냐 하는 것은 우리의 의지에 따른 자유로운 선택이라는 것을 일깨워주며, 다각적인 분석과 심오한 통찰력을 바탕으로 불안으로부터 벗어날 수 있도록 도와준다."
9788925564845,"사랑스러운 백설공주, 지적인 벨, 호기심 많은 에리얼까지 어린 시절 행복한 꿈을 선물했던 디즈니 프린세스 시리즈가 주옥같은 명대사와 함께 지친 일상에 위안이 되어주는 한 권의 책으로 출간되었다. 디즈니 프린세스 시리즈 속 빛나는 주인공들이 건네는 위로와 용기의 메시지!"
9791196484262,"《참 소중한 너라서》의 저자 김지훈이 펴낸 첫 번째 이야기 산문집 『너라는 계절』의 2주년을 기념해 새롭게 만나는 미삽입 수록본이다. 한 번쯤 사랑을 해 본 이라면 누구나 공감을 할 만한 두 남녀의 사랑 이야기를 담은 이 책은 그동안 우리 모두의 사랑 이야기로 회자되며 독자들에게 위로와 응원의 메시지를 전해주었다. 이번 2주년 기념 미삽입 수록본에서는 두 남녀의 뒷이야기를 궁금해 하던 독자들의 호기심을 해소할 수 있도록 책이 끝난 시점부터 3년간의 이야기가 추가되어 새로운 재미와 감동을 느낄 수 있다. 에세이임에도 불구하고 마치 소설 한 편을 읽는 것 같은 착각에 빠지게 하는 이 책을 통해 감성에 흠뻑 젖어보는 시간을 갖고, 위로받을 수 있을 것이다."
9788957360101,＊어른의 사전적 정의: 자기 일에 책임을 질 수 있는 사람
9791190299053,"유난히 지치고 힘든 날이 있다. 가진 게 아무것도 없는 것만 같아서 막막하고, 왜들 나한테만 그러나 싶어서 서러운 날. 내가 정말 별 볼 일 없는 무능력한 사람이 된 것 같은 날. 가끔은 많은 사람들 사이에서 아무것도 아닌 것으로 살아가는 게 싫어질 때 말이다. 내일이 되면 또 아무 일도 없었던 것처럼 살아갈 것을 알면서도."
9791189932084,More Pie Less Bullshit 
9791185959375,"계절의 정점에서 특별한 당신의 꿈을 더욱 뜨겁게 물들일 세 권의 책이 리미티드 에디션 세트로 출간됐다. 수많은 사람들의 지친 밤을 달래고, 아픔을 위로했던 안상현 작가의 ‘달의 위로’, 꽁꽁 얼어붙은 시린 마음을 녹여 주는 김준 작가의 ‘마음이 마음에게’, 자신과 소중한 사람들의 하루를 긍정의 한 줄로 응원하는 서은 작가의 ‘미안해 사랑해 고마워’를 한정판 세트로 만날 수 있다. 각기 다른 온도와 빛깔로 위로를 건네는 3명의 작가의 글들은 당신의 계절을 더욱 특별하게 만들어 줄 것이다."
9791196888008,
9791130627366,"‘난 너의 평생 친구 자이언트 펭수!' 100만 선배님들의 마음을 사로잡은 거대 펭귄 ‘자이언트 펭수’의 이야기가 담긴 에세이 다이어리 『오늘도 펭수 내일도 펭수』. 한번 보면 폭 빠져버리는 사랑스럽고 귀여운 펭수의 모습은 물론, 선배님들의 마음을 감동시킨 따뜻한 멘트와 듣자마자 중독되는 펭수의 놀라운 자작곡까지 담아냈다. 책꽂이에 꽂아두지 않고 매일 펼쳐볼 수 있도록 실용적인 디자인도 첨가하여 독자들의 만족도를 높였다. 또한 한 장 한 장 넘길 때마다 다양한 표정의 펭수가 등장해 읽는 이에게 즐거움을 선사하니, 펭수에게 이미 펭며든 사람이라면, 반드시 평생 소장할 것을 강력 추천한다."
9788959136896,"스물아홉 생일로부터 1년간의 치열한 기록을 담은 하야마 아마리의 자전적 에세이『스물아홉 생일, 1년 후 죽기로 결심했다』. 이 작품은 스물아홉의 나이에 스스로 1년의 시한부 인생을 선고할 수밖에 없었던 저자의 이야기를 담은 책이다. 변변한 직장도 없고, 애인에게는 버림받았으며, 못생긴 데다 73킬로그램이 넘는 외톨이였던 저자는 혼자만의 우울한 스물아홉 생일을 보내던 중 깜깜한 터널과도 같은 인생에 절망하며 자살을 결심한다. "
9788965961956,"서른여섯, 전문의를 앞둔 신경외과 레지던트 마지막 해. 하루 열네 시간씩 이어지는 혹독한 수련 생활 끝에 원하는 삶이 손에 잡힐 것 같던 바로 그때 맞닥뜨린 폐암 4기 판정. 『숨결이 바람 될 때』는 신경외과 의사로서 치명적인 뇌 손상 환자들을 치료하며 죽음과 싸우던 저자가 자신도 폐암 말기 판정을 받고 죽음을 마주하게 된 마지막 2년의 기록을 담은 책이다. "
9791189856502,배우 박정민의 이야기『쓸 만한 인간』 개정증보판. 영화《파수꾼》의 홍보용 블로그에 촬영 비하인드 스토리를 연재하면서 글 좀 쓰는 배우로 이름을 알린 후 2013년부터 매거진《topclass》에 칼럼을 연재했던 배우 박정민. 재치 있는 필력과 유머러스한 이야기로 많은 독자층을 넓혀 간 기존의 글에 새로운 이야기를 더해 공감과 위로를 자아내며 많은 이들에게 사랑받았던 《쓸 만한 인간》을 3년 만에 개정증보판으로 만나본다.
9791196551926,"SNS에서 난리난, 네, 그거 맞아요."
9791170400097,"진정성을 담은 시로 이름 높은 나태주 시인의 오십 년의 창작 생활을 오롯이 응축시켜낸 시집 『너와 함께라면 인생도 여행이다』. 그동안 써온 시들을 단순히 모아놓은 것이 아니라 시를 선별하여 저자의 지난 반세기 시력을 간추려놓은 모종의 자서전적인 시집이다. 1부 신작 시 100편, 2부 독자들이 사랑하는 애송 시(대표 시) 49편, 3부 나태주 시인이 사랑하는 시 65편으로 구성됐다. "
9788950980726,"《오늘처럼 내가 싫었던 날은 없다》의 저자 글배우가 마음이 지친 이들에게 담담하게 건네는 위로의 말뿐만 아니라, 엉켜 있는 생각들로 힘든 이들을 위해 생각을 줄일 수 있는 구체적인 방법, 그리고 사는 게 힘들어 의욕이 나지 않는 이들에게 힘이 되어줄 용기의 메시지를 들려주는 『타인의 시선을 의식해 힘든 나에게』."
9791196464141,"『마음의 결』을 통해 모두의 마음의 결을 읽어낸 태희 작가가 이번에는 더욱 깊숙한 감정의 근원을 안내한다. 『존재만으로 빛나는』에서 저자는 타인의 모습을 통해 나를 돌아볼 수 있도록, 나의 모습을 통해 타인을 비출 수 있도록, 나라는 존재의 근간에 대해, 현재의 나를 둘러싼 모든 관계와 그 감정에 대해 말한다. 쑥스럽거나 불편할 수 있지만 나라는 존재를 이야기하기 위해 빼놓을 수 없는 가족이라는 이름과 우리가 살아가며 자의적 타의적으로 맺어야 하는 나를 둘러싼 다양한 인연. 그 안에서 느끼는 다양한 감정의 이유를 전한다."
9788972757719,"무라카미 하루키는 ‘하루키스트’라는 조어가 생겨날 정도로 세계적으로 많은 독자를 가지고 있으면서도 한편으로는 많은 평론가들의 혹독한 평가를 받는다. ‘사회적으로 무책임’, ‘제국주의적’등 강도 높은 비난 속에서도 침묵으로 일관해왔던 그가 1979년 등단 이후 최초로 자신의 작가론적, 문단론적, 문예론적 견해를 풀어놓은 책 『직업으로서의 소설가』를 출간했다. 이따금 인터뷰나 에세이를 통해 언급했던 글쓰기와 그 현장을 비롯하여, 이를 뒷받침하는 문학을 향한 하루키의 생각을 한 권으로 정리했다. "
9791164451708,"“걷다 보니 길모퉁이에 이르렀어요. 모퉁이를 돌면 뭐가 있을지 모르지만, 전 가장 좋은 게 있다고 믿을래요!” 에이번리의 초록 지붕 집에 사는 사랑스러운 사고뭉치 빨강 머리 앤. 루시 M. 몽고메리가 자신의 어린 시절을 투영해 만들어낸 소설 《빨강 머리 앤》의 주인공 앤 셜리는 엉뚱한 상상력과 긍정의 에너지로 희망의 아이콘이 되었고, 어려운 상황에서도 언제나 밝고 당당한 모습으로 시대를 초월해 많은 사랑을 받고 있다. 진솔한 이야기로 페이스북과 인스타그램에서 150만 명 구독자의 마음에 공감하며 위로를 건네는 ‘조유미 작가’와 긍정과 사랑스러움의 아이콘 ‘빨강 머리 앤’이 만났다. ‘빨강 머리 앤’의 애니메이션 이미지를 삽화로 활용한 《빨강 머리 앤, 행복은 내 안에 있어》는 자기가 처한 상황이 어떻든 긍정적으로 상황을 받아들이는 앤처럼, 우리도 삶에서 스스로 행복을 선택할 수 있음을 알려준다. "
9791189683030,책을 읽고 사람을 읽고 태도를 읽어요 
9788934932659,"소공녀 세라, 하이디, 작은 아씨들, 주디 애벗……. 책을 사랑하는 독자라면 한번쯤 그들의 친구가 되어 고민을 털어놓고 웃음과 눈물을 나누었을 것이다. 그리고 건포도빵과 나무딸기 주스, 그레이비 같은 들어본 적조차 없는 음식의 맛을 황홀하게 음미했을 것이다. 이 모든 불가능한 일을 가능하게 하는 것이 바로 번역의 힘 아닐까. "
9791185459097,"『반짝반짝 나의 서른』은 일, 사랑, 인간관계 등 서른 즈음, 변화의 시점에 놓인 여자들이 한 번쯤 겪게 되는 일상의 고민과 변화들을 섬세하게 그려낸 그림 에세이다. 귀엽고 사랑스런 그림으로 사랑을 받고 있는 조선진 작가는 서른이 되던 날 아침의 풍경으로 이야기를 시작한다. 막상 지나고 나니 별거 없더라는 ‘언니’들의 이야기를 들으면서도 두근거리는 기대감에 사로잡혔던 그날. 언제나처럼 옷장을 연 채 뭘 입어야 할지, 점심으로 뭘 먹을지 고민하고 또 마감에 대한 걱정으로 정신없이 하루가 흘러갔지만, ‘서른’이라는 브랜드는 그녀의 삶을 서른 이전과 그 이후로 구분짓고 있었다."
9788954653817,"하루 3만 보씩 걷고, 심지어 하루 10만 보까지도 기록한 적 있는 유별난 걷기 마니아로 알려진 배우 하정우의 에세이 『걷는 사람, 하정우』. 강남에서 홍대까지 편도 1만 6천 보 정도면 간다며 거침없이 서울을 걸어 다니고, 심지어 비행기를 타러 강남에서 김포공항까지 8시간에 걸쳐 걸어간 적도 있는 저자가 무명배우 시절부터 트리플 천만 배우로 불리는 오늘에 이르기까지 서울을 걸어서 누비며 출근하고, 기쁠 때나 어려운 시절에나 골목과 한강 변을 걸으면서 스스로를 다잡은 기억을 생생하게 풀어놓는다. "
9791190224154,"대한민국이 지금 가장 사랑하는 시인 나태주. 초등학교 선생님으로 오랜 시간 아이들 곁에 머물며 천진난만한 감성을 지녔다. 남들과 다르지 않은 일상에서도 뛰어난 관찰력으로 시를 쓰는, 작고 여린 존재에게 따뜻한 손길을 건네는 그의 이야기를 이제 필사시집으로 만난다. 《끝까지 남겨두는 그 마음》은 2020년 등단 50주년을 맞이하는 그의 작품 중 필사하기 좋은 시를 뽑아 만든 나태주 첫 필사시집이다. 누구나 한 번쯤 가슴에 새겨본 부터 신작 시 까지 미공개 시 30여 편을 포함해 총 100편의 시를 담았다. "
9791188862634,
9788971992258,"전문연구자의 원전비평에 기초한 정본『백범일지』. 백범 김구의 자서전으로 진솔하고 감동적인 기록을 담았다. 이 책은  친필 원본은 물론 등사본과 필사본, 여러 가지 출간본 등 여러 저본을 일일이 면밀하게 검토, 대조했다. 또한 사전류는 물론 고전, 규장각 자료 등의 고문서, 수많은 회고록, 일본, 중국 등 해외의 임정 관계 자료까지 두루 활용하고 여러 분야의 전문가들로부터 자문을 받아 원본의 미흡한 점과 착오 등을 수정, 보완했다. 27년간 대한민국 임시정부를 이끌어온 민족독립운동가이자, 자신의 전 생애를 조국과 민족을 위해 바친 겨레의 큰 스승인 백범의 삶을 잘 드러내고 있다."
9791130628912,"그 시절 내 세계를 가득 채운 순정만화『안녕 나의 순정』. 1980년대부터 2000년대 초, 대한민국 순정만화 전성기를 만날 수 있다. 신일숙, 황미나, 김혜린, 이빈, 한승원, 이은혜, 한혜연, 박희정, 강경옥, 유시진, 문흥미, 이미라, 나예리, 천계영, 박은아까지. 이름만 들어도 우리를 설레게 만드는 대표 작가 15인의 만화에 담긴 이영희 작가의 추억을 함께 따라가 보자."
9788965704959,따뜻하고 진정성 묻어나는 글로 수많은 사람들의 잠 못 이루던 밤을 위로해준 글배우의 에세이 『아무것도 아닌 지금은 없다』. 마음의 온도가 느껴지는 따스하고 공감 어린 글귀로 50만 독자의 지친 마음을 어루만져준 저자의 이번 책은 그동안 온라인과 오프라인에서 저자가 사람들과 소통하며 써 내려간 글을 모아 엮은 것이다. 
9791195026128,"『삶으로 다시 떠오르기』는 새롭게 떠오르는 영성가이며 21세기의 영적 교사로 일컬어지는 에크하르트 톨레의 더 나은 삶, 더 나은 세계를 위한 지침서이다. 톨레의 저서들은 생각과 감정을 자신이라고 여기는 인간의 근본적인 착각을 다룬 명저로 꼽힌다. ‘에고에 바탕을 둔 삶’과 그러한 삶들이 모인 세상에서 살고 있지만 그 에고가 모든 인간관계에 문제를 일으키고 실체를 보는 것을 가로막는 장애물임을 알려주며, 그리고 그것이 인간 존재의 전부가 아니라고 강조한다. "
9788968332470,"세상에는 수많은 사전이 있다. 대부분 정답을 주기 위해 편찬된 사전이라면, 《사람사전》에는 정답이 없다. 대신 읽는 이와 함께 고민하고 생각하길 바라는 ‘마음’이 있다. 언제나 ‘사람’을 먼저 이야기해 온 카피라이터 정철이 사람 사는 세상, 우리네 인생을 일상 단어 1234개에 비추어 읽고 또 썼다. ‘엄마’, ‘커피’, ‘눈물’, ‘귀찮다’, ‘가만히’처럼 우리 주위를 서성이는 명사, 동사, 형용사, 부사에 ‘사람’이라는 잣대를 들고 치열하게 관찰하고, 곱씹는다. 그래서일까. 단어 하나하나에 사랑, 희망, 위로, 믿음, 겸손, 배려 같은 사람의 성분이 녹아 있다.  "
9788959372850,"서로 기대고 살아가는 사람들의 감동 에세이『참 좋은 당신을 만났습니다』. 오랜 시간 라디오 방송작가로 글을 써 온 저자가 실생활에서 건져 올린 수십여 편의 감동적인 이야기를 담아, 지친 사람들의 마음에 감동과 용기를 전하는 책이다. 자기 일을 즐겁게 하는 사람, 다가온 인연을 소중히 하는 사람, 한계를 뛰어 넘어 도전하는 사람, 나보다 불행한 이웃에게 따뜻한 손길을 내미는 사람 등의 이야기를 전하며, 그들을 만날 수 있었던 것은 자신에게 축복이었다고 말한다."
9788959139309,"‘섬진강 시인’이란 별칭으로 잘 알려진 시인 김용택이 여러 문인의 시를 직접 읽고 따라 써보며 ‘독자들도 꼭 한번은 따라 써보길 바라는 마음’으로 101편의 시를 엄선해 수록한 책이다. 책의 왼쪽 페이지에는 시의 원문을, 오른쪽 페이지에는 감성적인 디자인의 여백을 마련해 독자가 따라 쓰기 편하고 휴대 또한 간편하도록 구성해 새로운 형식인 감성치유 ‘라이팅북’에 누구나 어렵지 않게 접근할 수 있도록 만들었다. "
9791189932503,“이 책은 내 인생에서 가장 무해한 대상을 향한 러브레터입니다. 온 마음을 다해 좋아하는 나의 식물 친구들을 향해 쓴 글이에요. 나는 이제껏 이렇게 이타적인 존재를 사랑해본 적이 없었습니다.”                                    
9791160402001,"나는 그사이 뭔가가 변했을까? 개정판 작업을 하느라 《태도에 관하여》를 촘촘히 다시 읽어보니 언뜻 하나도 변하지 않은 것 같다. 하지만 분명히 어떤 부분들에 조금은 더 초연해졌겠지. 나는 내 안에 결코 변하지 않을 것들도, 변해야 마땅한 것들도 양쪽 팔로 같이 안아주며 살고 싶다. -‘들어가는 글’에서"
9791196589103,2018 독립출판 1위 선정작 
9788936811143,"《죽음의 수용소에서》는 나치의 강제수용소에서 겪은 생사의 엇갈림 속에서도 삶의 의미를 잃지 않고 인간 존엄성의 승리를 보여준 프랭클 박사의 자서전적인 체험 수기이다. 그 체험을 바탕으로 프랭클 박사는 자신의 독특한 정신분석 방법인 로고테라피를 이룩한다. 조각난 삶의 가느다란 실오라기를 의미와 책임의 확고한 유형으로 짜 만드는 것이 프랭클 박사가 스스로 창안한 현대 실존 분석과 로고테라피의 목적이자 추구하는 바다. 그는 이 책에서 로고테라피의 발견으로 이끌어간 체험을 설명하고 있다. 잔인한 죽음의 강제수용소에서 보낸 기나긴 죄수 생활로 자신의 벌거벗은 몸뚱이의 실존을 발견하게 된다. 부모, 형제, 아내가 강제수용소에서 모두 죽고, 모든 소유물을 빼앗기고 모든 가치를 파멸당한 채 굶주림과 혹독한 추위 그리고 핍박 속에 몰려오는 죽음의 공포를 어떻게 견뎌냈으며, 어떻게 의미 있는 삶을 발견하고 유지할 수 있었을까?"
9788932034942,단 한 권의 시집 《당신의 이름을 지어다가 며칠은 먹었다》와 단 한 권의 산문집 《운다고 달라지는 일은 아무것도 없겠지만》으로 독자들의 마음을 사로잡은 시인 박준이 2012년 첫 시집 이후 6년 만에 펴낸 두 번째 시집 『우리가 함께 장마를 볼 수도 있겠습니다』. 지난 시집에서 상대에게 보살핌을 받았던 기억으로 폐허가 된 자신의 자리를 돌보던 ‘나’는 이번 시집에서 당신을 돌보는 데까지 나아간다.
9788949187112,"청소년을 위한 세계사 입문서『곰브리치 세계사』. 의 저자이자 세계적인 석학인 에른스트 H. 곰브리치가 저술한 책으로, 1936년 초판 출간 이후 현재까지 널리 읽히는 세계사 입문서의 고전이다. 인간 등장 이전의 시대부터 현대까지의 역사를 주요 사건들을 중심으로 조망한다. 원시 인류의 등장, 문자의 탄생, 종교의 발전, 신대륙 발견, 산업 혁명, 두 차례의 세계대전 등 역사적 사건들이 인류에게 어떤 영향을 미쳤으며, 세계사의 흐름을 어떻게 바꿨는지 이야기한다. 또한 문명을 발전시킨 인류의 업적들을 높이 평가하면서도, 긴 역사 속에서 인간이 저지른 과오들을 인정하고 비판하는 균형 있는 시각을 보여준다."
9788971996706,1979년에 장준하 선생의 책에서 출판사명을 따와 오늘에 이르고 있는 ‘돌베개’ 출판사에서  선생의 서거 40주기에 즈음하여『돌베개』를 출간했다. 이 책은 영원한 광복군이자 시대의 등불이었던 장준하 선생이 ‘또다시 못난 조상이 되지 않기 위하여’ 후세에 남긴 준엄한 항일수기로 숱한 오류의 교정과 주요 인물 소개 등 부속 자료를 풍부하게 보강하며 일본군을 탈출하여 임시정부 광복군에 투신한 6천 리 대장정의 기록을 생생히 담아냈다.
9791160870374,인간의 존재와 행위 양식의 본질을 파헤친 기념비적 저서
9788936486563,"우리 사회가 성숙한 민주주의를 이룩하기까지 수많은 갈등과 역경이 있었다. 민주주의는 어느날 갑자기 찾아온 것이 아니라 평범한 시민들이 모여 부정과 억압에 맞서며 쟁취해낸 것이다. 민주화운동의 역사를 올바르게 기억하고 젊은 세대에게 그날의 뜨거움을 생생히 전달하기 위해 기획된 ‘만화로 보는 민주화운동’ 시리즈가 출간된다. 민주화운동기념사업회가 기획하고 김홍모, 윤태호, 마영신, 유승하 네 작가가 참여해 제주4·3, 4·19혁명, 5·18민주화운동, 6·10민주항쟁을 그렸다. 4ㆍ19혁명 60주년, 5ㆍ18민주화운동 40주년을 맞은 2020년, 오래전 그날을 기억하고 지금 우리 사회의 민주주의를 진단하기 위해 그 어느 때보다 절실한 책이다. "
9788935670376,"마빈 해리스의 『문화의 수수께끼』(Cows, Pigs, Wars and Witches: The Riddles of Culture)가 번역된 지 35년이 지났다. 그런데도 해리스의 『문화의 수수께끼』를 향한 독자들의 사랑은 여전하다. 이에 답하는 마음으로 번역을 가독성 있게 다듬고 화보를 추가해 좀 더 볼거리 있는 개정판을 출간하게 되었다. "
9791186843352,"3·1운동 및 대한민국 임시 정부 수립 100주년에 즈음하여,"
9791190182973,"조선시대에 살았던 인물들이 메신저로 대화를 주고받는다는 콘셉트의 웹툰으로, 재미는 물론 역사 공부까지 가능하게 해 역사만화의 새로운 지평을 열었다는 평가를 받은 『조선왕조실톡』. 그를 이은 『세계사톡』 시리즈는 웹툰 플랫폼 ‘저스툰(justoon.co.kr)’에서 2017년 10월에 시작해 많은 이들의 사랑과 인기를 얻으며 지금까지 연재되고 있다. "
9791189709327,"역사만화의 새로운 지평을 열었다는 평가를 받은 《조선왕조실톡》 시리즈를 잇는 새로운 역사만화 『세계사톡』 제2권 《중세의 빛과 그림자》. 《조선왕조실톡》의 무적핑크 작가와 함께 다양한 콘텐츠를 개발할 계획으로 여러 스태프들이 참여한 레이블 핑크잼의 첫 프로젝트로, 웹툰 플랫폼 저스툰에서 2017년 10월에 시작해 많은 이들의 사랑과 인기를 얻으며 지금까지 연재되고 있다. "
9791157843732,"와인의 역사는 문명의 역사다. 모든 것은 지중해에서 시작되었다. 그리스 신화에는 포도주에 대한 암시가 가득하고, 성서에서는 대홍수가 끝난 후 노아가 포도나무를 심는다. 포도주는 인간을 문명화하고 신들을 인간적으로 만들었다. 고대 말기에 갈리아 와인은 이미 대량 수출되었다. 나무 술통에서 와인을 숙성시키는 기법 덕분이었다."
9788972915416,"르네상스와 한 책 사냥꾼 이야기 『1417년, 근대의 탄생』. 1417년 겨울, 30대 후반의 인문주의자 포조 브라촐리니는 남부 독일의 한 수도원의 서가에서 고대 로마의 시인 루크레티우스의 철학 서사시 《사물의 본성에 관하여》를 발견한다. 《사물의 본성에 관하여》는 당시로써는 가장 위험한 사상들이 숨어 있는 장시로, 저자 그린블랫은 이 책의 발견이 기독교의 교리에 의해서 인간의 사상과 자유가 속박 당했던 ‘암흑’의 중세를 마감하고, ‘재생’의 르네상스 태동의 계기가 되었다고 말한다. "
9788971390924,"이 책은 『서양 문명의 역사(Western Civilizations)』(16판, 2008년)의 완역본이다. 균형 잡힌 서술과 명료한 문체로 1940년대 이래 영어권에서 정평을 얻고 있는 이 책은 각별히 문화사에 큰 비중을 둔 서양사 개설서로도 널리 알려져 있다. 이 때문에 지난 70여 년 동안 영어권에서만 100만 명이 넘는 독자로부터 꾸준히 사랑을 받아왔다. 가히 영어권 최고의 서양사 개설서라고 해도 지나친 말이 아니다. "
9791189238025,- 실용성과 학술성을 겸비한 현실감 있는 일본 해설서입니다.
9788952108678,근대 세계사를 해양 세계의 발전이라는 새로운 관점에서 재해석한 책. 근대 해양 세계의 팽창을 균형 잡힌 시각으로 다루고자 했다. 제1부에서는 근대 세계의 전반적인 구조가 어떤 과정을 통해 어떻게 구성되었는지를 전체적으로 조망한다. 제2부에서는 세계 문명권들이 상호 접촉하는 과정에서 구체적으로 어떤 일이 일어나는지를 폭력이라는 키워드를 통해 정리하였다. 제3부에서는 세계화와 지역화가 동시에 일어나는 근대 세계에서 사람들의 삶과 문화가 어떻게 변화했는지를 살펴본다.
9791196754518,▶ 한국사에 관한 내용을 담은 전문서적입니다.
9788937416378,"동서양의 모든 신화 속에서 '영웅의 원형'을 찾아낸, 조지프 캠벨의 신화 해설서"
9788936452100,"『옷장 속의 세계사』는 제2회 창비청소년도서상을 수상한 《식탁 위의 세계사》의 후속작이다. 우리가 항상 몸에 걸치는 옷과 옷감에 담긴 역사를 알아본다. 일상에서 발견하는 사물을 매개로 삼아 세계사의 주요 사건과 인물을 안내한다는 전작의 콘셉트를 그대로 유지하면서도, 범위를 현대사까지 포함하여 신선함을 더하였다. "
9791196193423,"조선 사람의 가슴과 뇌리에 깊이 뿌리내린 반일 감정과 ‘왜’(倭)에 대한 문화적 우월 의식, 피해 의식, 강력한 쇄국 정책에도 불구하고 19세기 말에 이르면 일본을 새로운 문명의 기준으로 받아들이는 친일개화파가 출현한다. 놀라운 인식의 전환이었다. 늘 중국을 문명의 원천으로 간주해 온 조선 사람들이 중화 질서의 가장 변방이었던 일본을 새로운 문명의 원천으로 받아들이기 시작한다."
9788936477134,"탁월한 안목과 절묘한 입담, 답사를 향한 열정으로 사랑을 받아온 유홍준 교수의 『나의 문화유산답사기 중국편』 제2권 《막고굴과 실크로드의 관문》. 우리 땅 곳곳을 누비며 전국토가 박물관임을 설파한 유홍준이 드디어 중국 대륙으로 떠났다. 한반도의 약 40배, 남한의 약 100배에 가까운 면적에 남북한의 약 20배가 되는 인구를 품은 중국의 문화는 스케일로 우리를 압도하고, 긴 세월 우리와 밀접하게 영향을 주고받아 우리 문화유산을 보는 큰 거울이 되기도 한다."
9788936476694,"지난 6월 말 제42차 세계유산위원회는 ‘산사, 한국의 산지승원’을 세계유산목록에 등재하기로 결정했고, 우리나라의 13번째 세계유산이 되었다. 양산 통도사, 영주 부석사, 안동 봉정사, 보은 법주사, 공주 마곡사, 순천 선암사, 해남 대흥사의 7개 사찰이 그 주인공이다. 『나의 문화유산답사기: 산사 순례』에는 7개 사찰 중 영주 부석사, 안동 봉정사, 순천 선암사, 해남 대흥사 4곳과, 목록에 포함되지는 않았으나 누구나 한 번은 들어보고 가보았을 남한의 사찰 15여 곳, 그리고 북한의 사찰 2곳이 담겨 있다."
9788952797322,"로마에 가본 사람은 많다. 로마에 가고 싶어 하는 사람은 더욱 많다. 하지만 로마를 ‘제대로’ 본 사람은 거의 없다. 그저 유명하다는 카페에서 에스프레소와 젤라토를 먹고, 영화 에 나왔던 장면을 따라 ‘진실의 입’에 손을 넣어보고, 콜로세움 앞에서 인증샷을 찍어 SNS에 올렸다고 해서 로마를 제대로 여행했다고 할 수는 없기 때문이다. "
9788974831752,비스는 1920년에 하멜 정본과 함께 다른 책들의 허구성을 지적하고 고증하는 내용을 실어 새로운 네덜란드 판을 출판하였다. 비스의 영역본은 와 의 정본을 발견한 후틴크판을 근거로 하멜 정본을 번역한 것이며 본 한국어 역본은 우리 나라에서 처음으로 이 하멜 원전에 충실한 책이라 할 수 있다.
9788967357641,노르만 민족들이 서유럽을 위협하고 프랑스와 영국을 점령한 10~11세기. 정복왕 윌리엄의 놀라운 생애를 통해 본 중근세 유럽 질서의 형성. 폴 쥠토르의 『정복왕 윌리엄Guillaume le Conqu?rant』은 정복왕 윌리엄이 1066년 영국(정확히는 잉글랜드다)을 정복하고 영국 왕으로 등극하는 과정을 상세히 추적하고 영어에 미친 프랑스어의 영향 등 역사와 문화 교류의 내용을 풀어 쓴 책이다.
9791162205723,"역사만화의 새로운 지평을 열었다는 평가를 받은 《조선왕조실톡》 시리즈를 잇는 새로운 역사만화 『세계사톡』 제1권 《고대 세계의 탄생》. 《조선왕조실톡》의 무적핑크 작가와 함께 다양한 콘텐츠를 개발할 계획으로 여러 스태프들이 참여한 레이블 핑크잼의 첫 프로젝트로, 웹툰 플랫폼 저스툰에서 2017년 10월에 시작해 많은 이들의 사랑과 인기를 얻으며 지금까지 연재되고 있다. "
9788976962997,"얄타회담의 시간과 장소는 제2차 세계대전을 통틀어 가장 철저하게 보안에 부쳐진 비밀이었다. 루스벨트, 처칠, 스탈린이라는 3거두가 회담을 통해 획득해야 할 전리품은 세계를 삼켜버린 전쟁의 종식 방안을 찾는 것이었다. 세 사람은 머리를 맞대고 20세기의 가장 비밀스런 평화회담을 진행했다. 그들은 수백만의 병력을 이동시켰고 자신들에게 필요한 대로 전승국의 정의를 분배했다. 이 과정에서 평화의 지속을 위해 필요하다는 이유를 내세워 다른 국가들의 운명을 결정하고, 수백만 명의 난민을 동쪽과 서쪽으로 보냈다. 지정학적 야망과 자존심, 가치 체계의 경쟁, 자신들의 국가가 보유한 가장 영민한 협상가들 사이의 권력 경쟁이 1945년 2월의 여드레 동안 얄타에서 펼쳐졌다."
9791195708031,"MBC 무한도전, O tvN 어쩌다 어른 등을 통해 대중에게 '한국사'를 쉽고 재미있게 전달하는 설민석의 『설민석의 첫출발 한국사 연표(보급판)』은 3장의 한국사 연표, ‘고대~중세’/조선/근ㆍ현대 총 3장으로 정리한 한국사를 통해 일목요연하게 한국사의 주요 흐름을 파악할 수 있도록 구성한 것이다. 단순한 사건 나열 중심의 연표가 아닌 ‘사건 내용’을 함께 담아 연표 자체로도 한국사 공부가 가능하게 하였다. 더불어 273분 분량의 설민석 선생의 강연이 QR코드로 함께 수록되어 있어 멀티한 학습이 가능하도록 했다."
9791189653187,"인간의 역사는 생존을 위해 무수한 질병과 싸워온 역사라 해도 과언이 아니다. 인류를 오랫동안 위협한 것들은 덩치 큰 사자나 호랑이 따위가 아닌 세균, 바이러스, 미생물이나 진드기 등 눈에 보이지 않는 작은 것들이었다. 이 작은 것들이 만들어낸 각종 전염병에 인류는 오랜 세월 큰 고통을 받았다. 전염병이 돌면 많은 사람이 목숨을 잃었고 후유증도 컸다. 원인도 모른 채 죽어간 사람도 많았다. 그러다 항생제가 나오면서 감염증을 치료할 수 있게 되었다. "
9791196633561,"갈등과 분열이 여전히 반복되는 세계에 살고 있는 오늘날 우리가 진정 추구해야 할 가치는 무엇인지, 어떤 시각을 갖고 미래로 나아가야 할지에 대한 질문을 던지는 『세계사보다 더 재미있는 최진기의 전쟁사』 제2권 《근세부터 현대까지》. 세계의 역사 속에는 치열했던 당시의 갈등을 제거하려던 영웅들의 치열한 두뇌싸움과 뛰어난 전략이 숨어있다."
9791196633554,"갈등과 분열이 여전히 반복되는 세계에 살고 있는 오늘날 우리가 진정 추구해야 할 가치는 무엇인지, 어떤 시각을 갖고 미래로 나아가야 할지에 대한 질문을 던지는 『세계사보다 더 재미있는 최진기의 전쟁사』 제1권 《고대부터 중세까지》. 세계의 역사 속에는 치열했던 당시의 갈등을 제거하려던 영웅들의 치열한 두뇌싸움과 뛰어난 전략이 숨어있다. "
9791186276792,"맥없이 무너진 유럽의 역사, 영화 속 스파르타 전사와 캐리비안 해적의 가려진 역사, 전쟁으로 일어선 미국의 역사, 단숨에 읽는 일본의 역사까지, 날라리 영웅 캐릭터들이 전하는 흥미로운 이야기를 통해 생생한 세계사를 살펴본다. 복잡한 역사를 간략하게 서술함으로써 독자의 이해를 높였고, 코믹한 그림으로 유머를 더했다. 결정적인 순간에 세상의 흐름을 뒤바꾼 알렉산드로스, 카이사르, 옥타비아누스, 콘스탄티누스, 샤를 대제, 루이 14세, 링컨, 나폴레옹 등 역사 속 영웅들을 즐겁게 만나보자."
9791158511180,"오랫동안 묻혀 있던, 인류가 구축한 또 다른 세계를 발굴해 보여주는 『북유럽 신화』 스페셜 에디션. 북유럽 신화의 다양한 판본 가운데 가장 쉽고, 재미있고, 매혹적인 작품이라는 격찬을 받은 이 책은 인류의 상상력과 역사, 문화가 북유럽 신들에게 얼마나 많은 빚을 지고 있는지를 생생하게 보여준다. 오늘날 우리가 가장 좋아하고 열광하고 공감하는 모든 이야기의 중심에 북유럽의 신들이 살아 숨 쉬고 있으며, 우리에게 필요한 미래의 상상력과 지혜의 원천이 이 책에 고스란히 담겨 있다는 것을 알게 된다. "
9788994655697,
9791135447693,"2000년 설립 이래 빌 게이츠 부부가 세운 빌&멀린다 게이츠 재단은 한 해 동안 인간의 생명을 가장 많이 앗아간 생물을 밝히는 연례 보고서를 발표했다. 이 보고서에 따르면 매년 가장 많은 사상자를 낸 동물 1위는 모기다. 비교적 최근인 우리 인류의 출현 이래 20만 년 동안 존재했던 1,080억 명의 인류 중 약 520억 명의 목숨을 모기가 앗아간 것으로 추정된다."
9788935654635,"저자 함석헌이 《성서조선》에 연재한 ‘성서적 입장에서 본 조선역사’를 토대로 만든『뜻으로 본 한국역사』는 한국의 역사를 ‘고난의 역사’라고 정의한다. 그러나 고난에 좌절하거나 이를 숙명으로 받아들일 것이 아니라, 이를 극복해야 함을 강조하며 세계인류사 속에서도 다른 어떤 나라보다 많은 고난을 극복해온 한국이 언젠가 그러한 경험을 바탕으로 세계 중심국가로 부상하게 될 것이라 전망한다. 현 세대들이 읽기에도 부담이 없도록 어려운 용어와 인용된 한문문장을 풀이했으며 다양한 사진자료를 실어 독자들의 쉬운 이해를 도왔다."
9788934974376,"《제3의 침팬지》부터 《총, 균, 쇠》, 《문명의 붕괴》, 《어제까지의 세계》까지, 세계가 주목하는 지성 재레드 다이아몬드가 신작 『재레드 다이아몬드의 나와 세계』로 돌아왔다. 어제와 오늘의 세계, 전통과 현대 사회를 넘나드는 재레드 다이아몬드는 이 책에서 세계가 직면한 7가지 중대한 문제들이 무엇인지 조목조목 들여다보고 각 문제에 관한 해결책을 모색한다."
9791196793524,한국인은 거짓말을 밥 먹듯이 한다고?
9788970656014,"잃어버린 영토 발해와 그 역사찾기의 시작. 북학파의한 사람인 유득공이 1700년대 후반 저술한 를 풀이한 책으로 발해의 왕, 신하, 지리, 후예국가 등에 대해 기술했다."
9791190630696,"메신저 대화인 ‘톡’ 형식을 도입해 큰 인기를 끌었던 역사만화 『조선왕조실톡』에 이은 새로운 역사만화 『세계사톡』 시리즈 전 5권 중 4권 〈근대의 질주〉가 출간되었다. 방대한 세계사도 인물과 인물의 ‘톡’을 통해 접하면 쉽게 다가온다. 무적핑크 작가의 위트와 세계사 교사의 내공이 결합되어 좀 더 강력한 재미와 학습 효과를 느낄 수 있다. 만화로 세계사에 대한 흥미를 돋우고, 만화에서 다루지 못한 방대한 세계사를 해설 코너 ‘세계사 돋보기’를 통해서 접할 수 있어서 학생은 물론 어른까지 흥미롭게 읽을 수 있다."
9788934962984,"세계적 석학 재레드 다이아몬드의 문명대연구 3부작 완결편 『어제까지의 세계』. 문화인류학자인 재레드 다이아몬드 교수는 50년간의 문명 탐구를 통해 역사의 역동적인 변화와 흐름을 예리하게 파악하고, 세계가 직면한 위기의 본질과 진실을 낱낱이 파헤쳐왔다. 퓰리처상을 수상한 《총, 균, 쇠》에서는 인류역사의 탄생과 진화를, 《문명의 붕괴》에서는 문명의 위기와 종말을, 그리고 이번 책에서는 세계의 희망과 생존의 해법을 찾아 나서고 있다."
9791164451517,
9788994606590,"기원전 221년 진의 시황제는 장차 중화제국의 심장부를 이루게 되는 영토를 통일했다. 정복을 통해 하나가 된 이 광대한 영토가 정치적으로 존속하기 위해서는 중국 문화의 철저한 재형성이 불가피했다. 『하버드 중국사 진·한, 최초의 중화제국』은 향후 2천년 동안 이어질 고대 제국의 질서가 창조되는 과정을 생생하게 보여준다. 진과 한 제국은 중국사의 ‘고전기’를 이루는데, 이는 그리스-로마가 서양에서 맡은 역할과 유사하다. 마크 에드워드 루이스(미 스탠포드대 교수)는 지리적으로 방대하기 이를 데 없고 문화적으로 다양하기 짝이 없는 제국을 다스려야 하는 막중한 임무를 떠안은 조정의 관리들과 당대 학자들이 직면했던 핵심과제가 무엇이었는지에 주목한다. "
9788974838072,"『함께 보는 한국근현대사』는 대중과 함께 역사를 완성시키고자 하는 역사학자들의 마음이 오롯이 담긴 한국근현대사 개론서다. 단순하게 역사적 지식을 전달하는 데에만 그치지 않고, 독자들과 역사에 대해 ‘함께’ 생각하며 우리만의 역사를 완성하려는 목적에서 출발했다. 크게 1부 근대 편과 2부 현대 편으로 나뉜 이 책은 대중에게 역사학자들이 한국사를 ‘강연’한다는 의미에서 각 장이 아홉 개의 강연으로 구성되었다. 열다섯 명의 역사학자들은 대중의 눈높이에 맞게 글을 집필해서 근현대사를 쉽고 체계적으로 이해할 수 있게 풀어냈다. 또한 현재 역사학계에서 다양하게 활동하고 있는 학자들답게 최근 연구 성과까지 남김없이 책에 반영해서 우리가 직면하는 현실과 맞닿은 해석을 더했다."
9788965781646,"신화에 담긴 인간들의 관계, 그 속에 숨겨진 이야기를 소개하는 『그리스 로마 신화 100』. 우리에게 익히 알려진 나이키, 헤라, 헤르메스 등 수많은 브랜드들이 그리스 신들의 이름에서 차용되었고, 나르시시즘이나 오이디푸스 콜플렉스 등은 세계인들의 예술과 연극의 원형으로 자리 잡고 있다. 또한 헤라클레스, 아킬레우스, 페르세우스, 프로메데우스는 영화, 미디어, 광고 세계에서 중요한 모티브로 자리 잡고 있다."
9788964962961,"『문명은 어떻게 미술이 되었을까?』는 권력과 욕망, 불안과 공포 등 인간의 원초적인 감정을 들추어내며 그림 한 점에 담긴 인류의 문명사를 살펴나간다. 저자는 미술과 사회의 ‘관계’에 주목했다. 시대에 따라 미술에 주어진 과제는 달랐고, 이것을 살펴보는 것이 미술가의 이름과 미술 사조를 암기하는 것보다 훨씬 더 흥미롭게 미술과 만날 수 있는 방법이라고 말한다."
9791190182430,"장부가 탄생한 15세기부터 현재까지, 역사의 흐름이 바뀔 때마다 금융 비즈니스의 모습도 바뀌어왔다. 『부의 지도를 바꾼 회계의 세계사』는 15세기부터 지금까지 역사적 변화의 순간마다 인류를 풍요롭게 한 금융 비즈니스의 역사를 살펴본다. 회계를 비롯한 금융 비즈니스의 시초는 이미 중세 유럽부터 시작되었으며, 이를 통해 부를 쌓은 개인 또는 국가는 풍요로운 미래를 위해 상업과 금융 시스템을 체계화하기 시작했는데, 각 시대를 관통하는 핵심은 부를 창출하고 미래의 가치를 찾아낼 새로운 변화에 적응하고 받아들이며 제도를 체계화했다는 점이다. "
9791187750116,『다시는 신을 부르지 마옵소서』에는 스물 일곱 명의 선비들이 던진 사직상소 스물여덟 편이 실려 있다. 그 선비들은 각각 다른 시대와 국내외 정치 환경 속에서 다른 임금을 모시며 살았다. 당면했던 문제점과 폐단도 달랐고 고민도 제각기 달랐다. 그러나 이 상소들을 들여다보면 중요한 공통점이 발견된다. 그것은 수없이 닥치는 위기를 극복하고 더 나은 공동체를 만들기 위해 노력한다는 것이다. 이를 위해선 사심을 버려야 하고 도덕적이고 공정한 마음가짐으로 온 힘을 기울여야 한다. 임금을 비롯한 모든 공직자는 대의를 위해 목숨을 걸고 분투해야 하며 항거해야 한다. 이러한 요청이 지켜지지 않을 때에 자리에 연연하지 않고 목숨을 아깝게 생각하지 않고 문제제기를 해야 하는 것이다.
9788936486570,"우리 사회가 성숙한 민주주의를 이룩하기까지 수많은 갈등과 역경이 있었다. 민주주의는 어느날 갑자기 찾아온 것이 아니라 평범한 시민들이 모여 부정과 억압에 맞서며 쟁취해낸 것이다. 민주화운동의 역사를 올바르게 기억하고 젊은 세대에게 그날의 뜨거움을 생생히 전달하기 위해 기획된 ‘만화로 보는 민주화운동’ 시리즈가 출간된다. 민주화운동기념사업회가 기획하고 김홍모, 윤태호, 마영신, 유승하 네 작가가 참여해 제주4·3, 4·19혁명, 5·18민주화운동, 6·10민주항쟁을 그렸다. 4ㆍ19혁명 60주년, 5ㆍ18민주화운동 40주년을 맞은 2020년, 오래전 그날을 기억하고 지금 우리 사회의 민주주의를 진단하기 위해 그 어느 때보다 절실한 책이다. "
9788974839079,"역사, 특히 전쟁의 역사를 살펴볼 때는 시대와 배경, 그리고 세계사의 여러 사건과 관련지어 함께 다루는 것이 중요한데 일본의 저명한 역사학자인 도쿄대학 가토 요코 교수는 이런 의도에 따라 일본의 역사를 세계사와 관련지어 설명하는 방식으로 중고생 대상 특강을 진행했다. 근대 일본의 침략전쟁이라 불리는 청일전쟁부터 태평양전쟁까지 시기를 중심으로, 거의 10년마다 벌어진 큰 전쟁들의 근본 특징, 전쟁이 지역과 국가와 사회에 미친 영향과 변화 등을 간결하고 명확하게 정리했다. "
9791196381578,"그리스 로마 ㆍ 북유럽 ㆍ 이집트 ㆍ 메소포타미아 ㆍ 인도 ㆍ 중국 ㆍ 일본 신화를 통으로 한꺼번에 읽는 가장 친절한 신화 이야기. 신화는 단순한 옛날이야기가 아니다. 신화에는 세상의 탄생과 인간의 기원, 자연 현상을 이해하기 위한 선사 시대 인류와 고대인의 공통된 인식이 투영되어 있다. 존재에 대한 의문을 풀고자 하는 욕구는 오늘날까지 이어지고 있다. 그렇기에 신화는 수만 년의 간극을 건너오며 학문과 예술, 문화 콘텐츠의 자양분으로서 상상력을 자극해왔으며, 현대에 이르러서도 여전히 영향력을 발휘하고 있다. 하지만 각 나라와 문명권의 신화를 섭렵하기란 대단히 어려운 일이다. 서사가 너무나 방대하다. 등장인물의 이름과 지명만 따라가다가 쉬 지치고 만다. 우리나라에서 가장 널리 알려진 그리스 로마 신화를 떠올릴 때 이야기의 초기에 등장하는 몇몇의 등장인물만 입에 맴도는 것도 그런 이유다."
9788954654913,"축약이나 번안이 아닌 원전 완역으로 만나는 『원본 초한지 세트』. 장기판의 모델인 초한의 싸움, 항우와 유방의 대결, 십면매복·사면초가 등의 고사성어로 유면한 《초한지》의 원본인 견위의 《서한연의》를 저본으로 삼아 옮긴 것으로, 원본과 재창작본의 차이가 무엇인지 알려주고 우리 문학과 문화의 저변을 구성하고 있는 한 토양을 꼼꼼하게 성찰하고자 한다."
9791188850624,"《세계사를 바꾼 10가지 약》에서 약이라는 독특한 소재로 인류 생존의 역사를 맛깔나게 풀어낸 사토 겐타로가 혁신적인 물질의 발견으로 역사가 어떻게 만들어졌는지 펼쳐 보이며 필연의 역사를 흥미진진하게 풀어낸 『세계사를 바꾼 12가지 신소재』. 세상을 만든 12가지 대표적 물질이 어떻게 발견되었는지, 어떤 사건으로 세계가 연결되고 바뀌었는지를 미시적인 관점에서 역사를 꿰뚫는 한편, 과학 칼럼니스트다운 해박한 지식으로 역사와 과학을 긴밀하게 연결해 우리에게 보여준다. "
9791155400050,"부정의 나를 긍정의 나로 바꾸는 힘『감정은 습관이다』. 그 동안 정신과 전문의로서 많은 환자들을 상담하고 치료해 온 저자 박용철이 우리를 불행하게 하는 감정습관에서 벗어나 평생 무너지지 않을 행복한 감정습관을 만드는 방법을 제시한 책이다. 총 5장으로 구성하여, 1~2장에서는 감정습관이 우리 마음에 어떻게 영향을 주고 어떤 모습으로 등장하는지를 살펴보고, 3장에서는 감정습관에서 비롯된 대인관계습관에 대해 다룬다. 4장에서는 부정적인 감정습관을 수정하는 방법을 좀 더 구체적으로 들여다봄으로써 ‘상상 노출법’, ‘회피 요법’, ‘자극 통제법’, ‘감정 스위치’ 등 당장 실천할 수 있는 실용적인 방법을 알려주고, 마지막 장에서는 행복한 감정습관을 만드는 방법을 소개한다."
9788934995258,"의지력만으로는 일상을 통제할 수 없을 때, 항상 시간이 없다고 느낄 때 읽어야 할 매일 매일의 하루사용법 『메이크 타임』. 다이어리는 빼곡하지만 정작 원하는 일은 못하고 있는 사람들, 인스타그램 좋아요 알림이 왔을 때 들어가 보지 않고는 못 배기는 사람들, 능동적으로 살고 있다고 착각 중인 사람들을 위한 시간과 집중력, 에너지를 극대화하는 혁신적 시간관리법, 메이크 타임을 소개하는 책이다."
9791196612474,"‘어디 하고 싶은 일 하며 살기가 쉬운가?’ 그럼 하고 싶은 일을 ‘안 하며’ 살기는 쉬운가요? 7년의 시간 동안 약 부작용으로 완전히 망가진 몸을 살려내기 위해 과감히 약을 끊기로 결단한 후, 정회일은 매일 다시 살아나는 데에 온 에너지를 집중하면서 외로움과 처절하게 싸우며 고통의 터널을 빠져 나왔다. 부정적 에너지를 긍정 에너지로 돌려내며 그를 살린 것은 독서를 통한 긍정적 사고였다. 건강한 하루하루에 대한 믿음 속에서 그는 인생에 대해 더 잘 알고 싶은 갈증을 키워갔다. 그 과정에서 그의 평생의 멘토인 베스트셀러 저자 ‘이지성 작가’를 만났다. 이지성 작가가 제안한 1년 365일 독서를 실천하며 정회일은 ‘나의 시간을 사는 것’에 대한 빛나는 통찰을 길어 올리기 시작했다. 스스로의 인생이 소중하고 배움이 절실했던 만큼 그 시간을 좋은 책들로 채워가며, 분노를 오기로, 발판으로 삼아 이를 악물고 노력했다. 그의 아팠던 시간이 비로소 단단히 여물기 시작했다. "
9788984073661,강사로 제2의 인생을 시작한 박신영의 대학 때부터의 별명은 쉼 없이 열심히 산다고 하여 ‘빡신’이다. 한 달에서 수십 개의 강의를 진행하는 그녀의 대표 강의 마이크임팩트스쿨의「빡신기획스쿨」은 매회 매진을 기록할 정도로 직장인과 대학생들 사이에 꼭 필요한 알짜 기획 노하우를 집약한 강의로 자리매김했다.『기획의 정석』은 그녀의 10년 기획 노하우와 강의장에서 수강생들과 직접 부딪히며 발전시킨 기획의 필살기를 10가지 기획 습관으로 모은 결과물이다.
9788955824926,최고의 우울증 탈출 책
9788935703111,"『리얼리티 트랜서핑』두 번째 이야기의 주제는 ‘성공의 물결로 갈아타는 선택의 비밀’이다. 이 책은 인생의 행복에 대해 다루고 있는 것으로, 1권에서 트랜스 서핑의 이론적 배경과 에너지의 부조화를 없애는 법을 알려주었다면, 2권에서는 자신의 내면에 집중하여 매사에 올바른 선택을 하는 방법들을 제시한다. "
9788935212484,"고전연구가 조윤제가 고전의 정수인 《심경》을 바탕으로 삼아 고전 명구의 깊은 통찰을 소개하는 『다산의 마지막 공부』. 중국 송 시대 학자인 진덕수의 《심경》은 이름 그대로 마음에 대해 다룬 유교 경전으로, 사서삼경을 비롯해 동양 고전들에서 마음을 다스리는 법에 대한 정수를 엄선해 엮은 다음 간단한 해설을 덧붙였다. 이 책은 구체적으로 진덕수가 고전들에서 선별한 마음과 관련된 명구 37가지에서 다시 핵심을 뽑아 오늘날의 감각에 맞도록 친절하면서도 새롭게 풀어낸 것으로 격이 다른 마음공부의 고전에 다가가는데 도움을 준다."
9788986377453,"나를 위한 12주간의 창조성 워크숍『아티스트 웨이』. 소설가이자 시인, 시나리오 작가, 영화감독, 작곡가 등 다재다능한 예술가로 활동 중인 저자 줄리아 카메론이 자기 내면의 예술적 창조성을 발견하여 자신이 상상했던 삶을 살아갈 수 있는 방법을 제시하였다. 이혼의 아픔과 알코올 중독을 극복하며 다재다능한 아티스트로 거듭난 저자는 과거의 자기처럼 어려움에 빠진 아티스트들에게 도움을 주고자 시작한 창조성 회복 프로그램의 강의노트 내용을 이 책에 고스란히 담아냈다. 매일 아침 눈을 뜨자마자 머릿속에 떠오르는 생각을 아무것이나 자유롭게 써나가는 ‘모닝 페이지’와 오로지 자신만을 위해 자기가 좋아하는 일을 즐기는 ‘아티스트 데이트’를 창조성 회복을 위한 실천도구로 소개한다. 지극히 단순한 실천에서 시작하는 12주간의 창조성 워크숍을 통해 다양한 직업의 사람들이 자기 내면의 아티스트를 키워 창조적 활동을 일상적으로 수행할 수 있도록 안내한다."
9788994747682,1년 동안 감사일기를 쓰며 느꼈던 긍정적인 변화를 친근하고 흡입력 있게 전하며 미국 전역에 감사 열풍을 불러 일으켰던 제니스 캐플런의 『감사하면 달라지는 것들』. 감사일기를 통해 변화하는 저자의 삶을 소설이나 에세이처럼 세밀하고 흥미진진하게 보여준다. 1년 동안 감사일기를 쓰며 겪은 심경의 변화뿐만 아니라 오랫동안 저널리스트로 활동했던 저자의 장점을 살려 유명인들의 에피소드를 저자만의 따뜻하고 재치 있는 감성으로 풀어냈다.
9791188348121,"김미경, 김창옥, 설민석, 조승연, 손석희 등 대한민국 스타강사들의 [스피치 대본] 전격분석"
9791196845377,"주 52시간 근무제가 시행되면서 기업에서 요구하는 보고서는 잘 꾸며진 파워포인트 자료가 아니라 상사가 빠르게 의사결정을 할 수 있도록 해주는 잘 정리된 1페이지 보고서라고 한다. 직장인은 보고서를 쓰거나, 보고서를 쓰기 위해 일하거나, 보고서대로 일하거나 한다. 무슨 일을 하든 직장인의 업무, 그 중심은 문서 작성인 것이다. 내가 다니는 회사가 크건 작건 혼자 일하건 여럿이 같이 일하건 직장인에게는 어느 한순간도 글쓰기가 중요하지 않은 적이 없다. 이러한 글쓰기의 중요성이 비단 직장인에게만 요구되는 일은 아닐 것이다."
9791160361032,"‘잡스(JOBS)’는 브랜드 이야기의 확장판입니다. 매력적인 브랜드에는 자신만의 직업의식을 지닌 매력적인 사람이 있고, 일에 대한 태도와 가치는 곧 브랜드의 철학과 정신으로 자연스레 연결됩니다. 사람을 중심으로 일과 삶의 이야기를 담아낼 ‘잡스’는 각자만의 방식으로 브랜드를 만드는 데 기여하는 이 시대의 직업인과 나눈 가장 생생한 대화를 인터뷰집 형식으로 전달합니다. 에디터와 셰프에 이어 2020년 3월, 세 번째 직업으로 건축가를 조명합니다."
9788974259686,성공하거나 부자가 된 사람들의 공통점은 모두 성공하거나 부자가 되기를 진실로 바라고 있었다는 것이다. 따라서 내가 찾고 있는 것이 무엇인지 잊지 않는 한 반드시 성공으로 가는 문은 열릴 것이라고 『놓치고 싶지 않은 나의 꿈 나의 인생』에서 나폴레온 힐은 말한다. 또한 그는 성공을 갈망하는 사람들에게 성공하는 삶을 살기 위해 무엇을 어떻게 할 것인가를 제시해주고 행동하도록 용기를 북돋아준다.
9788962605815,"주는 사람이 성공한다『Give and Take(기브앤테이크)』. 와튼스쿨 역대 최연소 종신교수이자 3년 연속 최우수강의평가상에 빛나는 세계적 조직심리학자 애덤 그랜트가 밝혀낸 성공의 숨은 동력을 제시한 책이다. 저자는 우리 사회를 지배해온 성공에 대한 고정관념, 즉 강하고 독한 자가 모든 것을 가져간다는 ‘승자 독식’의 근본 명제를 뒤집고, 성공에 있어서 대단히 중요하지만 흔히 사람들이 간과하는 ‘타인과의 상호작용’에 주목한다. "
9788972773351,"정신없는 삶에 브레이크를 걸어주는 조언들! 삶의 관점을 바꿔 행복으로 이끄는 조언들! 느긋하게, 긴장 풀고, 나무늘보처럼 살 수는 없을까? 한 손에 스마트폰을 든 채 급하게 밥을 먹고, 한 가지 일을 끝내기도 전에 다음 일을 걱정하며 살아가는 것이 현대인들의 초상이다. 무엇을 위해 바쁘게 뛰어가는지 목적도 방향도 상실한 채 하루하루 꾸역꾸역 몸과 마음을 바쁘게 굴리며 살아간다. "
9791188348633,"여러분은 새로운 아이패드와 스마트 기기가 출시되면 관심이 생기고, 그것이 꼭 갖고 싶고, 왠지 없으면 유행에 뒤처지는 것 같고 그런가요? 유튜브에서 공부 잘하는 의대생, 미국에서 유학하는 친구들, 일 잘하는 전문가들이 아이패드를 똑똑하게 사용하는 것을 보고 ‘나도 아이패드가 있으면 왠지 잘 쓸 수 있을 것 같고, 더 열정적으로 살아갈 수 있을 것 같아!’라는 생각으로 머릿속이 가득찬 적 없었나요?"
9791188348398,"소셜미디어 업계에서 차세대 저커버그라고 불리며 활발한 사업가, 강연가, 저자로 많은 사람들에게 영향을 주고 있는 게리 바이너척의 『크러싱 잇! SNS로 부자가 된 사람들』을 싱어송라이터, 방송 MC, 사업가로 활발하게 활동하고 있는 에릭남이 감수한 한국어판으로 만나본다. 10년 전 출간한 첫 책 《크러쉬 잇!》에서 앞으로의 미래는 소셜미디어가 주도할 것이고, 퍼스널 브랜드를 구축해 놓지 않으면 안 될 것이라고 강조했던 저자가 이번 책에서는 ‘크러쉬 잇’의 절대법칙뿐만 아니라 그의 이론을 활용해 뛰어난 실행력을 보여 성공한 21명의 사례를 상세히 담았다."
9791189995317,23년간 다양한 기업을 컨설팅하고 수많은 기업 분쟁을 해결하면서 경험한 실제 비즈니스 사례들을 바탕으로 《한비자》를 새롭게 읽어낸 『리더는 하루에 백 번 싸운다』. 혼돈의 시대 속에서 길을 잃고 방황하지 않기 위한 방법으로 군주의 강력한 리더십에 대한 동양 최고의 이론서 《한비자》 읽기를 제안한다. 
9788925514826,"뉴턴, 아인슈타인, 에디슨과 같은 과학자들, 워렌 버핏과 같은 투자자들, 빌 게이츠와 같은 세계적인 CEO들… 이들처럼 각자의 분양에서 비범한 업적을 이룬 사람들에게는 공통점이 있다. 바로 고도로 집중된 상태에서 문제를 생각하는, 즉 '몰입'적 사고를 했다는 것이다. 저자는 이 '몰입'이 개인의 천재성을 일깨워주는 열쇠라고 말한다."
9791190227018,"철학은 인류 생활의 기본적이고 보편적인 문제를 연구할 뿐만 아니라 인류의 기원, 물질의 구성, 우주의 변화규칙과 사람과 자연의 관계와 같은 깊이 있는 문제를 다루고 있다. 철학은 인생 문제를 다루는 과학이라 할 수 있다. 우리는 살면서 마주치는 문제에 대한 해답을 철학을 통해서 찾곤 한다. 철학은 비록 우리를 배부르게 해 주지는 않지만 배를 채우는 이유를 알려준다."
9788935211609,"읽고 싶은 책은 많지만 다 읽기엔 시간이 부족하다. 언제까지 책을 한 자씩 읽을 것인가?  우리의 눈과 뇌는 한 자씩 읽기 위해 존재하지 않는다. 저자는 1줄씩, 이후에는 10줄씩, 마지막에는 1페이지씩 읽을 수 있게 진화해온 게 바로 우리 인간의 눈과 뇌라고 말하며 책은 눈이 아니라 뇌로 읽는 것이라 강조한다. 그래서 퀀텀 리딩의 목표는 뇌의 왜곡이다. 뇌를 속이는 것이 아니라, 뇌를 왜곡해 그 안에 잠자고 있던 독서 인자들을 깨워 책을 잘 읽을 수 있게 만들어주는 것이다. "
9788990514400,"남자는 화성인이고 여자는 금성인이기 때문에 서로의 언어와 사고 방식은 다르다는 단순하고 명쾌한 비유를 통해 남녀 사이의 갈등을 치유해온 존 그레이의 『화성에서 온 남자 금성에서 온 여자』. 남녀의 차이를 명확하게 인식시켜줌으로써, 진정한 사랑을 일깨워주는 사랑 지침서다. 연애나 결혼생활 중에 남녀의 차이로 인해 벌어지는 문제를 해결하는 실질적 지침을 소개하고 있다. 상대를 자신에게 맞게 변화시키기 위해 애쓰거나 맞서는 대신 남녀의 차이를 편하게 받아들여 더불어 잘 지내는 방법을 배우도록 인도한다. 사례를 풍부하게 실어 이해를 도와준다."
9791190467117,"AI와 4차 산업혁명의 흐름을 타고 새롭게 떠오르는 직업이 바로 빅데이터 전문가다. 최근 SNS 광고에서는 빅데이터 전문가를 양성하는 학원 홍보가 물밀듯이 쏟아지고 있다. 이 분야의 전문가가 많지 않고 단시간에 고소득을 올릴 수 있는 직업으로 소문이 나면서 30~40대 직장인들의 관심이 날로 커지고 있는 것이다. 《 1년 안에 AI 빅데이터 전문가가 되는 법》은 빅데이터 전문가로서 커리어를 시작하고 싶은 사람들이 어디에서부터 공부를 시작하고, 어떻게 전문성을 키울 수 있는지 알려주는 책이다. 이 책의 저자는 빅데이터 공부에 매진해 이미 30대가 되기 전에 업계에서 인정받는 빅데이터 전문가가 됐다. AI 빅데이터 전문가가 되기 위해 고군분투한 체험담과 공부 전략이 이 책에 녹아있다. 특히 어떤 지식 위주로 습득하고, 어떤 책을 읽고, 무슨 프로그램을 공부해야 하는지, 빠른 시간 안에 전문성을 심화할 수 있는 단계별 전략을 자세하게 알려준다."
9788987203959,
9791162541340,"왜 유독 부자들 중에는 스마트폰 대신 몰스킨 다이어리를 고집하는 사람들이 많을까? 워런 버핏은 자타가 공인하는 메모 중독자이고, 빌 게이츠는 좋은 아이디어는 물론 불길한 생각마저도 모조리 기록하는 걸로 유명하다. 이 책의 저자 마에다 유지 역시 일본에서 가장 주목받고 있는 젊은 CEO로 공연을 보는 와중에도 떠오르는 아이디어를 메모할 만큼 언제 어디서든 펜과 노트를 꺼내 적는 자타가 공인하는 메모광으로 유명하다. 그의 창업의 계기도 우연히 지나가는 길에 길거리 공연을 보면서 적었던 사소한 메모 한 장에서 시작됐다. 이렇게 독창적인 사업 아이디어를 떠올리고 비즈니스 모델로 연결하는 탁월한 능력의 밑바탕에는 끊임없이 적는 메모 습관이 있었다. "
9791187498056,"스타강사, 소통의 달인, 강사들의 롤모델, 힐링 퍼포먼스의 일인자라는 숱한 수식어를 지닌 김창옥. 유튜브 누적뷰 3,000만을 훌쩍 넘어서고, tvN 〈어쩌다 어른〉, CBS 〈세상을 바꾸는 시간, 15분〉, KBS 〈아침마당〉, 〈여유만만〉, EBS 〈60분 부모〉 등에 출연해 많은 이들을 웃기고 울리는 명강사 김창옥. 정신과의사, 컨설턴트, 강사, 교수가 찾아듣는 강의로도 유명한 그의 명강의 35편이 책으로 엮였다. "
9791185035444,"『리딩으로 리드하라』는 우리에게 필요한 인문학, 인문 고전의 세계로 안내한다. 총 6장으로 이루어져 있으며, 1장은 개인뿐 아니라 가문과 나라의 운명을 바꾸는 인문고전 독서의 힘을, 2장은 리더를 길러내는 인문고전 독서교육법을, 3장은 인문고전 독서로 자본주의 시스템의 승자가 되는 법을, 4장은 문학, 철학, 역사고전에서 배우는 인생경영법을, 5장은 초보자를 위한 저자의 인문고전 독서 가이드를, 6장은 인류 역사를 새롭게 쓴 명사들의 인문고전 독서법을 담고 있다. "
9791190356039,"갱년기 우울증이라고 부를 정도는 아니지만 왠지 모르게 마음이 울적하고, 사회에서도 한계에 부딪히고, 가정에서도 변화가 생기며, 인간관계도 이전과는 달라지는 등 많은 사람들이 인생의 전환기라고 느끼는 50세. 인생의 후반인 50세가 넘어서 찾아오는 위기들을 어떻게 극복해야 할까?"
9788972773344,
9788965708636,"누구보다 굳건했던 결심, 불타오르던 의지, 두근거리고 설레던 마음은 왜 한순간에 꺼져버릴까? 이 모든 것이 뇌 속 호르몬 도파민의 장난질 때문이라면? 현재 북미에서 행동과학 분야 최고의 석학으로 꼽히는 대니얼 Z. 리버먼 교수는 『도파민형 인간』에서 도파민이 인간 행동을 어떻게 쥐락펴락하는지, 일, 사랑, 권력, 중독, 진화, 정치성향 등 다양한 분야에 걸쳐 도파민이 어떻게 거의 모든 문제의 열쇠가 되는지, 뇌과학과 행동과학 분야의 최신 연구결과들을 흥미롭게 엮어 보여준다. "
9788954442343,"결혼해서 3개월 후, 남편이 말기암 선고를 받자 그때까지 비즈니스 서적 한 권도 읽어보지 않았던 저자는 30대의 젊은 나이에 아픈 남편을 대신해 경영자가 되었다. 그 후 잇따른 히트상품 개발과 독자적인 경영 방식으로 3억 원의 빚을 안고 있던 회사를 연매출 23억 원의 우량기업으로 키워냈다. 또한 회사를 운영하면서 이학박사·경영학석사·행정사·공인중개사·영양사 등 자격을 취득해 ‘시간 관리의 달인’으로 불린다. 어떻게 이 모든 일이 가능했을까? 저자가 특별한 사람이라서? 아니다. 답은 ‘시간 관리’에 있다! "
9788960517035,"20만 구독자, 총 누적 조회 수 3000만 뷰!"
9788997396870,"국민 육아 멘토로 잘 알려진 정신건강의학과 전문의 오은영 박사가 우리가 잘 몰랐던, 어쩌면 모른 척하고 싶었던 오랜 아픔에 대해 이야기하는 『오은영의 화해』. 지면에 정신 상담을 연재하며 쏟아져 들어온 수많은 아픈 사연들과 어찌할 바를 몰라 저자를 찾아와 무너져 내렸던 사람들의 고통이 어디에서 온 것인지, 어떻게 다스려야 하는지를 정신건강의학과 전문의의 입장에서 깊이 분석하고 고뇌하며 연구한 최선의 조언을 담았다."
9788901219943,"인생의 터닝포인트를 위해 가장 중요한 것만 남기고 모두 지워버리는 법! 현재 미국에서 가장 주목받는 인플루언서 마크 맨슨은 『신경 끄기의 기술』을 통해, 기존의 자기계발서를 뒤집는 신선한 패러다임을 선보인다. 무조건 믿고 노력하는 것만으로 인생이 특별해지거나 행복해지는 것은 아니며, 앞뒤 따지지 않는 긍정은 오히려 독이라는 것이다. 때론 내려놓고, 포기하고, 더 적게 신경 써야만 인생에서 진짜 중요한 것들을 발견할 수 있기 때문이다. 저자는 학창 시절 마약 문제로 퇴학까지 당했던 문제아였고 대학 졸업 후에도 한동안 백수로 지내며 인생의 목표를 찾지 못했지만, 현재는 180도 다른 인생을 살고 있다. 200만 명 이상의 팔로워를 거느린 그의 미디어 파워는 메이저 언론에 버금갈 정도이며, 그에게서 인생의 답을 찾으려 하는 대중들의 이메일이 매일 수천 통씩 쇄도한다. "
9791196588502,"유튜브 누적뷰 8천만 기록, tvN 《어쩌다 어른》, CBS 《세상을 바꾸는 시간, 15분》 등을 통해 많은 이를 긍정적 변화로 이끈 힐링 퍼포먼스의 일인자 김창옥의 핵심 강의 『지금까지 산 것처럼 앞으로도 살 건가요?』. 그동안 변화와 소통을 주제로 강연하며 변화의 메시지를 전달해온 저자는 이 책을 통해 인생의 돌부리에 걸려 자꾸 넘어지는 것 같은 이들에게, 주체적으로 삶을 살고자 하는 이들에게, 참된 나를 찾길 원하는 이들에게 인생의 새로운 페이지를 열어준다."
9791185584454,"주 4시간만 일하며 새로운 일과 삶의 방식을 개척한 《타이탄의 도구들》의 저자 팀 페리스. 그가 전하는 최소한만 일하고 원하는 대로 사는 법 『나는 4시간만 일한다』. 디지털 노마드, 즉 인터넷의 보급과 기술의 발전으로 원격 근무를 하면서 시간과 공간을 자유롭게 선택하며 일하는 방식의 선구자이자 지금도 선도자로서 성공적인 인터넷 기업가로 활동하는 저자는 이 책에서 가장 적은 노력과 비용으로 선택의 권리를 찾고 만들어 내는 모든 방법에 대해 이야기한다."
9791190630092,
9791160507386,"적어도 주중 하루 9시간 이상을 퇴근 전에 사용하는 직장인에게는 퇴근 후의 시간을 즐겁게 보내는 계획만큼이나 퇴근 전의 시간을 제대로 똑똑하게 쓰는 방법이 중요하다. 올리는 기획안은 모조리 반려되고, 고작 5페이지 분량의 보고서는 팀장에게 난도질을 당하며 회사에서 끔찍한 시간을 보냈다면, 퇴근 후 두 시간의 취미생활이 아무리 만족스럽다 해도 삶은 여전히 고단할 수밖에 없다. "
9788901240121,"당신은 더 나은 미래를 위해 전혀 노력하지 않는가. 정말 노력하지 않아서 불만족한 삶에 자족하며 사는가. 아니라고 잘라 말할 수 있다. 우리들은 노력한다. 사이사이 고민도 하고, 유명하다는 책도 들춰 보고, 원대한 계획도 종종 세워본다. 하지만 늘 머무르고 싶은 마음이 다르게 살아보겠다는 다짐을 이긴다. 오늘 아침의 당신처럼. 사실 어쩌면, 인생이 두서없이 흘러가는 동안 당신이 제대로 개입한 적은 한 번도 없었는지 모른다. 비하하려는 게 아니라 인정해야 할 사항을 말하는 것이다. 그동안 당신이 무슨 짓을 했건, 하지 않았건 그것은 현실의 변화를 끌어낼 수 있을 만큼의 실질적인 힘이 없었다. 정말로 이 짓을 끝내고 싶다면 확고한 결심이 필요하다. 지금까지 살아온 삶을 이제는 더 이상 계속할 수 없다는 생각을 스스로에게 단단히 심어주어야 한다."
9791162541210,"26살, 9개월 만에 사법시험을 패스한 이윤규 변호사가 자신의 경험을 바탕으로 어떤 시험이든 가장 빠르게 합격하는 방법을 알려주는 『나는 무조건 합격하는 공부만 한다』. 수능, 내신, 공시, 행시, 임용고시, 각종 자격증까지 시험공부를 하고 있는 사람들에게 저자가 직접 행하고 효과를 본 노하우를 소개해 가장 빠르고 효율적으로 합격에 이르는 길을 찾을 수 있도록 도와준다."
9791190227032,리더들의 성공비결 논리학을 주목하라! 
9788927811053,
9791185952987,"사람마다 가지고 있는 자신의 말 그릇의 의미에 대해 생각해보고 어떻게 하면 나의 말 그릇을 보다 단단하고 깊이 있게 만들 수 있는지 알려주는 『말 그릇』. SK, LG, 삼성을 비롯한 수많은 기업과 개인 코칭을 해온 코칭심리학자 김윤나가 이와 같은 경험을 통해 얻은 말에 대한 근본적인 성찰을 담은 책이다."
9791162540633,"평균보다 떨어지는 IQ, 특별할 것 없는 재능, 불우한 가정환경에도 놀라운 성공을 일궈낸 사람들은 어떻게 그 모든 불리함을 극복하고 최고의 자리에 오를 수 있었을까? 반면, 일류대를 나온 부모, 천재적인 재능 등 성공할 수 있는 모든 조건을 갖춘 것 같아 보이는 사람들이 그저 그런 성취에 머물고 마는 까닭은 무엇일까? 펜실베이니아 대학교의 선구적인 심리학자 앤절라 더크워스는 성공을 추구하는 사람들의 필독서인 『그릿(Grit)』에서 성공의 비결은 재능이 아니라 그녀가 ‘그릿’이라고 부르는 열정과 끈기의 조합에 있음을 보여준다. "
9791135462245,
9788901230658,‘너는 게을러. 너는 멍청해. 너 정도로는 안 돼’ 
9791162540640,"단계적이고 체계적인 자기계발 방법을 찾는 사람들을 위한 『아주 작은 습관의 힘』. 고교 시절 촉망받는 야구선수였던 저자는 연습 중 동료의 야구 배트에 얼굴을 정통으로 강타당하는 큰 사고를 당했고, 걸을 수조차 없었던 저자는 절망에 빠지는 대신 지금 당장 할 수 있는 아주 작은 일이라도 찾아 그것을 반복하자고 마음먹었다. 그 후 매일 걷기 연습을 해서 6개월 만에 운동을 할 수 있게 되었고, 6년 후에는 대학 최고 남자 선수가 되었다. "
9791188331826,"『당신의 삶에 명상이 필요할 때』는 파란 눈의 스님 앤디 퍼디컴이 인생의 모든 해답이 나 자신의 내면에 있다는 걸아는 이들, 즉 명상법을 배우려는 이들을 위해 집필했다. 10개 나라에서 출간된 이 책이 해외 언론의 주목을 받게 된 계기에는 빌 게이츠와 엠마 왓슨이 있다. 그들은 자신의 내면의 답, 오직 나만의 길을 직시하고 싶어 했고 명상이 가장 확실한 방법임을 알고 있었다. 이 책은 그런 면에서 탁월한데, 저자 자신이 승려가 되고 명상을 수련하며 겪은 시행착오로 터득한 가장 쉽고 정확하게 명상할 수 있는 방법을 담았다. "
9791188388905,"인공지능이 인간을 넘어서는 시대, 무엇을 준비할 것인가? 또 어떻게 살아남을 것인가? 세상을 지배하는 0.1%의 인문고전 독서법을 소개한 《리딩으로 리드하라》, 5천 년 역사를 만든 동서양 천재들의 사색공부법을 내세우며 전작의 실전편이라 할 수 있는 《생각하는 인문학》을 선보인 이지성이 그 무엇과도 대체되지 않는 삶을 선택하기 위해 노력하는, 이 시대 모든 사람들에게 세계 상위 0.01%가 실천 중인 ‘에이트’를 제안하는 『에이트』."
9791190382175,"부와 행운을 만나는 출발점, 마법의 감정 Having! 국내 최초로 미국에서 선(先)출간되어 세계가 먼저 찾아 읽은 『더 해빙(The Having)』. 세계적인 부자들이 성공 비결로 꼽았다는 ‘운’. 행운은 타고나는 것일까? 소수에게만 주어지는 것일까? 물려받은 재산도, 특출난 재능도 없는 사람도 부자가 될 수 있을까? 대기업 창업주와 주요 경영인, 대형 투자자가 절체절명의 순간 찾는 사람, 이서윤. 그들은 그녀에게 자문을 구한 뒤 일생일대의 기회를 잡는 인생의 퀀텀 점프를 이루어냈다."
9788983711892,"과학 교양서의 고전『코스모스』. 이 책에서 저자는 우주의 탄생과 은하계의 진화, 태양의 삶과 죽음, 우주를 떠돌던 먼지가 의식 있는 생명이 되는 과정, 외계 생명의 존재 문제 등에 관한 내용을 수 백장의 사진과 일러스트를 곁들여 흥미롭게 설명한다. 현대 천문학을 대표하는 저명한 과학자인 저자는 이 책에서 사람들의 상상력을 사로잡고, 난해한 개념을 명쾌하게 해설하는 놀라운 능력을 마음껏 발휘한다. "
9791155424353,우한발 신종 코로나 바이러스 분석과 대응책 긴급 업데이트!
9788962622508,"‘물리’라는 과학의 언어를 통해 세계를 읽고 생각하는 또 다른 방법을 안내하는 『떨림과 울림』. 빛, 시공간, 원자, 전자부터 최소작용의 원리, 카오스, 엔트로피, 양자역학, 단진동까지 물리에서 다루는 핵심 개념들을 차분히 소개하면서 물리라는 새로운 언어를 통해 우리 존재와 삶, 죽음의 문제부터 타자와의 관계, 세계에 관한 생각까지 새로운 틀에서 바라볼 수 있게 안내한다."
9788934971368,"치명적 신종, 변종 바이러스가 지배할 인류의 미래와 생존 전략 《바이러스 폭풍의 시대》. 독창적 생물학자이자 세계적인 바이러스 전문가인 네이선 울프가 밝힌 파괴적 살인 바이러스의 정체에 대해 이야기한다. 저자는 전염 바이러스에 관한 새로운 접근 방식, 날카로운 통찰력으로 인류를 괴롭히는 대유행 전염병 바이러스의 행로를 바꿀 강력한 방안을 제시하고 있다."
9791190403283,"1980년과 2014년 전 세계 181개국에 방영되어 전 지구적 과학 붐을 일으킨 전설적인 다큐멘터리 「코스모스」. 칼 세이건과 앤 드루얀이 함께 기획하고 펴낸 이 다큐멘터리와 동명의 책은 40년 넘게 시대와 세대를 초월해 가며 10억 이상의 시청자와 독자 들의 지적 호기심을 충족시켜 주었을 뿐만 아니라, 감정도 충만하게 채워 주었고, 과학이 역사와 문화, 그리고 사회와 깊이 얽혀 있음을 생생하게 보여 주었다. 칼 세이건이 떠난 지 20여 년이 지났지만 앤 드루얀은 지금도 「코스모스」 시리즈의 정신을 지켜 가며, 시청자와 독자 들을 140억 년의 장구한 시간과 수백억 광년의 광막한 공간을 가로지르는 위대한 여행으로 우리를 안내하고 있다."
9791188850808,"2019년 미국 노동통계국이 발표한 2028년까지 가장 유망한 직업 스무 가지 목록에 ‘수학자’와 ‘통계학자’가 이름을 올려 화제가 되었다. 수학자와 통계학자뿐 아니라 최근 전 세계적으로 주목받는 ‘데이터 과학자’와 ‘개발자’ 같은 직군 또는 IT 관련 업계에서 일하려면 수학적 사고력이 반드시 필요하다. 디지털과 인공지능 시대에 수학 지식, 나아가 수학적 사고력은 더 이상 특별하게 똑똑한 천재의 전유물이 아닌 것이다. 점점 복잡해지는 세상의 이면에는 다양한 수학적 사고와 판단이 숨어 있고 모두가 그 원리를 이해하고 삶에 활용할 필요가 있다. 입시 목적의 문제 풀이 위주 교육 후유증을 앓고 있는 ‘수포자’ 신세에서 벗어나, 세상의 본질을 분석하고 이해하는 수학의 세계와 친해지는 것은 이제 선택이 아닌 필수다."
9791159922947,"올리버 색스의 대표작『아내를 모자로 착각한 남자』.올리버 색스의 저술들은 모두 신경장애라는 매우 전문적인 분야를 다루면서도, 문학적으로도 높은 평가를 받으며 특유의 흥미진진함으로 독자들의 사랑을 받아왔다. 뿐만 아니라 프랑스에서 세계적 연출가 피터 브룩(Peter Brook)에 의해 희곡으로 각색되어 무대에 오르는 등 끊임없이 다양한 장르의 예술 창작을 낳는 모태가 되었다. 시, 소설, 춤, 그림, 영화, 연극, 오페라 등 여러 분야에서 활동하는 예술가들이 스스로 올리버 색스의 작품에서 영감을 받았다고 밝힌 것도 어쩌면 당연하다. 지금도 미국 대학에서는 신경학 분야뿐 아니라 문학, 윤리학, 철학 등의 교과과정에서 그의 글을 교재로 채택하고 있다. "
9788952773326,"과학은 지겹고 어렵다? 하지만 미국의 사이언스 웹툰 xkcd에서는 그러한 편견을 깨준다. 이곳에서 저자 랜들 먼로는 궁금했지만 누구도 대답해 주지 않는 기상천외한 질문들에 답을 해준다. ‘실제로 광속구를 던지면 어떤 일이 벌어지나?’, ‘몸속 DNA가 사라지면 어떻게 될까?’ 등 물리학, 화학, 천체물리학 등을 아우르는 황당하고 엉뚱한 과학이 랜들 먼로와 함께라면 흥미진진해지며 과학에 대한 편견을 깨뜨릴 수 있다."
9788932473901,"1976년, 처음 출간되었을 당시 과학계와 일반 대중들에게 폭발적인 반향을 불러일으키며 세기의 문제작으로 떠오른 『이기적 유전자』는 40년이라는 세월의 검증을 거치며 그 중요성과 깊이를 더욱더 확고하게 인정받았고, 25개 이상의 언어로 번역되었으며 젊은이들이 꼭 읽어야 할 과학계의 고전으로 자리 잡았다. 새로운 디자인과 휴대하기 좋은 판형으로 갈아 입은 이번 40주년 기념판에 새롭게 수록된 에필로그에서 저자는 여전히 ‘이기적 유전자’라는 개념이 갖고 있는 지속적인 타당성을 이야기하며 이 책이 전하는 메시지를 되새긴다."
9788996588733,"『정재승의 과학 콘서트』는 분야를 넘나드는 통합적 지식과 사유를 보여주며 세대를 초월해 즐길 수 있는 지식논픽션으로, 많은 독자들에게 사랑받으며 교양 과학 필독서로 자리 잡은 책이다. 일상과 전문 지식, 과학과 여타 학문들을 넘나드는 통합형 지식으로 복잡한 물리 법칙이나 수학을 전혀 못 해도 쉽게 이해할 수 있도록 한 것이 특징이다. 과학과 여러 학문을 아우르는 크로스오버적 접근과 당연하다고 생각되는 사회현상을 전혀 다른 각도에서 의심하는 기발한 질문으로 세상에 대한 새로운 지식을 선사한다."
9791186560785,"한국인 최초 옥스퍼드 대학 정교수이자 세계적인 수학자 김민형 교수의 명강의 『수학이 필요한 순간』. 인간의 사고 능력을 확장시켜온 수학이라는 장대한 세계에 관한 7개의 명강의를 담은 책이다. 옥스퍼드 수학과의 명강의를 포함하여 저자가 한국에서 진행한 각종 수학 강의의 내용을 바탕으로 탄생한 것으로, 마치 강연의 현장에 찾아온 듯 수학에 대해 묻고 답하는 세밀한 대화로 가득하다. "
9788965706205,"일반상대성이론을 양자이론과 통합한 새로운 시각에서 현대 물리학계의 최신 흐름을 담아낸 『보이는 세상은 실재가 아니다』. 《모든 순간의 물리학》의 저자 카를로 로벨리의 두 번째 책으로, 고대부터 오늘날까지 위대한 인류가 걸어온 미지의 영역에 대한 호기심과 상상력의 여정을 기록하고 있다. "
9788970129341,"세계적 석학 재레드 다이아몬드 교수의 과거와 미래에 대한 진화론적 통찰과 전망『제3의 침팬지』. ‘인간과 침팬지의 유전적 차이는 단, 1.6%’에서 시작하는 인류 진화의 역사를 명쾌하고 재미있게 풀어쓴 《제3의 침팬지》 신장판이다. 이 책은 1996년 초판을 21세기의 상황에 맞게 개정 출간한 것으로, 2013년 현행 표준국어대사전의 표기법, 띄어쓰기 및 외래어표기법에 맞게 용어를 정리하였고, 표와 그림을 새로 작업하여 한층 세련된 감각으로 디자인되었다."
9791155811887,"하버드대 뇌과학자인 질 볼트 테일러. 어느 날 그는 찌르는 듯한 두통으로 아침을 맞는다. 일상적 활동을 하려 하지만 옷을 입기도, 목욕을 하기도, 전화를 걸기도 어렵다. 찾아온 건 중증 뇌출혈. 뇌가 무너지는 과정을 몸소 느껴볼 수 있다는 생각에 하나하나 놓치지 않고 진행 과정을 꼼꼼히 관찰한다. 병원으로 옮겨진 그는 대수술을 받고 8년간 뇌의 기능을 되찾는 회복기를 거친다."
9791160803204,"‘양자역학’ 하면 ‘슈뢰딩거의 고양이’를 떠올리는 사람은 많을 것이다. 그럼 ‘슈뢰딩거의 고양이’ 실험이 무슨 내용인지, 양자역학에서 어떤 상징성을 가지는지 제대로 이해하고 설명할 수 있는 사람은 과연 얼마나 될까? 《슈뢰딩거의 고양이를 찾아서》는 《네이처》, 《스펙테이터》가 선정한 최고의 과학저술가이자, 과학 대중화에 기여한 공로로 미국과학진흥회의 공로상을 수상한 존 그리빈의 대표작으로 1984년에 초판이 출간된 이래로 독자들이 꾸준하게 찾아 읽어온 양자역학의 고전이다."
9791187150640,"물리학은 만물의 이치를 탐구하는 학문이다. 구름은 어떻게 생성되는지, 사물의 형태나 색을 어떻게 인지하는지, 소리는 어떻게 전달되는지, 자전하는 지구에서 어떻게 떨어지지 않고 버틸 수 있는지……. 물리학자는 자연과 우주의 본질을 탐구하는 사람들이다. 만물의 본질을 각자의 언어로 궁구(窮究) 한다는 차원에서 과학자의 일과 예술가의 일은 다르지 않다."
9788988804674,"『하리하라의 생물학 카페』는 27살의 젊고 발랄한 여성 과학도가 일반 독자들에게 요즘 주목받는 생물학 관련 키워드들을 쉽고 재미있게 풀어 써내려간 과학 에세이다. 이 책의 가장 큰 특징은 바로 ‘열린 글쓰기, 우리들의 피부에 와닿는 친근한 글쓰기’를 하고 있다는 점이다. 탄생과 노화, 비만, 진화, 유전자, 탄저균, 인공 생명 등 각종 생물학적 주제들을 관련 그리스 신화와 연결지어 흥미롭게 설명한다."
9788997382163,"『미술관에 간 화학자』는 과학자의 눈으로 본 미술에 관한 이야기, 미술과 함께하는 과학에 대한 이야기를 담은 책이다. 명화 속에서 만나볼 수 있는 화학에 대한 흥미진진한 이야기를 들려주며 미술의 태생적 기원을 화학에서 찾아보고자 한다. 에이크, 밀레, 휘슬러, 미켈란젤로, 브뢰헬, 틴토레토 그리고 김홍도, 신윤복, 장승업 등 우리 화가들까지 조명하며 명화에 담긴 과학에 대해 재미있게 이야기하고 있다."
9788993543810,"이 책은 “Introduction to Quantum Mechanics, 3/e(David J. Griffiths 저)”을 번역한 것이다. "
9791157843404,"과학 웹툰 《곤충의 진화》의 저자 김도윤(갈로아)가 새롭게 펴낸 『공룡의 생태』. 미래의 공룡학자나 고생물학자와 과학자가 되고 싶은 학생은 물론 어른들이 보기에도 거부감 없는 과학교양서로, 생물학을 전공하는 저자가 《곤충의 진화》에서 다뤘던 특유의 패러디와 드립을 그대로 녹여내면서도 무시무시할 정도로 철저한 고증을 거쳐 공룡의 피부색, 성생활, 공룡이 거대해진 이유, 깃털을 가진 공룡, 공룡의 체온 등 일반인은 잘 모르지만 흥미진진한 최신 공룡 연구를 광범위하게 다뤘다."
9788962184471,▶ 이 책은 일반화학을 다룬 이론서입니다.
9788955889369,"화학의 기본 개념을 한 권으로 알차게 정리한 화학책이 출간되었다. 그린북 ‘과학 사전’ 시리즈의 다섯 번째 책 《개념, 용어, 이론을 쉽게 정리한 기초 화학 사전》이다. ‘과학 사전’ 시리즈는 물리, 화학, 천문학, 수학 등 자연과학 각 분야의 기본 원리를 한 권으로 정리하여 청소년, 전공자, 과학 애호가들에게 좋은 반응을 얻고 있다. 앞서 나온 《물리ㆍ화학 사전》이 법칙과 공식을 중심으로 정리하여 학습 활용도를 높였다면, 이번 신간은 기본 개념을 풀이하는 데 초점을 맞추었다. 만약 법칙과 공식 중심의 학습을 버겁게 느꼈던 독자라면, 기본 개념이 확실하게 잡혀 있지 않을 가능성이 높다. 이번 책 《기초 화학 사전》으로 기초를 단단히 다지고 나면 교과나 전공에서 보다 수월하게 응용하고 확장시킬 수 있을 것이다. 저자는 화학을 지루한 암기 과목으로 여겼던 독자들에게도 꼭 한번 이 책을 읽어 보라고 권한다. 20여 년간 화학을 가르치며 체득한 노하우를 아낌없이 담아, 누구라도 화학의 ‘신선한 발견’을 할 것이라 자부하고 있다."
9788955883398,"법칙, 원리, 공식을 쉽게 정리한 『물리 화학 사전』은 고등학교 과학 시간에 배우는 물리ㆍ화학의 법칙ㆍ원리ㆍ공식을 기본부터 차례대로 정리하여 담은 사전이다. 현대 과학의 기본이 되는 이 법칙ㆍ원리ㆍ공식을 날실로 삼아 파악해 두면 지식이 머릿속에 정리되고 넓은 시야를 얻을 수 있으며, 새로운 지식을 접할 때에도 이해하기가 한층 쉬워진다. 현대의 물리ㆍ화학에 기본이 되는 70가지 아이템으로 세상을 더욱 폭넓게 이해해 보자."
9788956602189,
9791190467100,· 지금 하늘에는 비행기가 몇 대나 떠 있을까?
9791188731114,▶ 이 책은 일반화학을 다룬 이론서입니다. 일반화학의 기초적이고 전반적인 내용을 학습할 수 있습니다.
9788934970576,"이론물리학계의 세계적 석학이자 과학 엔터테이너 미치오 카쿠가 이번에는 『마음의 미래』에서 인간 의식세계의 비밀을 파헤친다. 저자는 그동안 많은 도서를 집필하는 동안 ‘인간의 마음은 우주에서 가장 위대하고 신비로운 힘’이라는 생각이 맴돌았다고 한다. 이에 ‘마음의 실체는 무엇이며 어떤 식으로 작동하는가?’, 그리고 ‘나는 누구이고 지금 어디에 있는가?’ 이 같은 물음을 가지고 저자는 뇌과학과 신경분야의 세계적인 석학들을 만나 지금까지의 연구동향과 전망을 듣고 특유의 치밀한 정보 수집력과 분석력을 발휘해 인간의 의식세계에 대한 집중 탐구를 시도한다."
9788934981763,"세포부터 생태계, 도시, 사회관계망과 기업까지 살아 있는 모든 것의 성장과 혁신, 노화와 죽음을 지배하는 패턴과 원리에 관한 흥미진진한 과학적 모험담 『스케일』. 복잡성 과학, 즉 창발적 시스템과 네트워크의 과학을 개척한 선구자로 널리 알려진 제프리 웨스트 교수와 샌타페이 연구진의 25년 연구를 종합하여 자연법칙과 인간 문명의 관계를 바라보는 새로운 시각, 새로운 개념 틀을 제시하는 책이다."
9791156330233,"상상만 해도 끔찍한 실험들이 과학이라는 이름 아래, 인류를 위한다는 명분 아래 우리 역사 속에서 실제로 벌어지고 있다. 과학과 의학은 우리들의 삶을 질병과 아픔에서 구해 줬다. 도저히 고칠 수 없다고 생각되던 병도 과학자들이 끈질긴 연구와 실험을 한 덕에 치료법과 약이 개발되었다. 그런데 과학은 정말 위험에 빠진 우리를 살린 슈퍼맨 같은 존재이기만 한 걸까? 『나쁜 과학자들』은 위대한 발견 뒤에 감춰져 있던 과학의 추하고 부끄러운 민낯을 낱낱이 공개함으로써 그에 대한 답을 해준다."
9788958203919,"가까이 하기 너무 먼 수학, 수학을 포기하고 놓아버리는 사람을 우리는 '수포자'라고 한다. 하지만 『길 위의 수학자』에서는 '일반인', '보통 씨(보통사람)'이라고 부른다. 이 책은 이 세상 모든 '보통 씨'를 위한 수학책이다. 지금으로부터 약 75년 전 1942년 처음 출간되어 지금까지 꾸준히 읽히고 있는 수학 분야 고전 필독서로 명쾌하고 강력한 수학적 사고와 대수학, 방정식, 삼각함수 등 현대 수학이 우리 일상생활에 어떻게 적용할 수 있는지 쉽고 재미있게 설명한다."
9791132102250,▶ 이 책은 현대물리학을 다룬 이론서입니다. 현대물리학의 기초적이고 전반적인 내용을 학습할 수 있습니다.
9791130627564,예일대학교 예일-뉴헤이븐병원의 신경과 상주의면서 질문에 기반한 철학에 학문적인 바탕을 두고 있는 엘리에저 스턴버그 박사의 세 번째 책이자 30세가 되기도 전에 출간된 『뇌가 지어낸 모든 세계』. 학문의 경계를 넘나드는 서술과 뇌과학의 방대한 연구 분야를 한 권에 담으려는 대담한 시도가 실현된 결과물이다. 
9788964942079,"『인도 베다수학 베스트 3종 세트』는  인도수학 관련 도서 중에서는 유일하게 주일 인도대사관이 공인한 책으로,  계산 문제만을 반복적으로 훈련하는 기존의 책들과 달리 인도수학의 원리를 가장 쉽게 알 수 있는 책이라는 평가를 받고 있다. 유서 깊은 수학의 나라답게 오늘날에도 수학 분야에서 세계적인 두각을 보이는 인도의 학생들처럼, 수학이 어렵고 따분하기만 한 과목이 아니라 ‘가장 신나고 재미있는 과목’이 된다면 얼마나 좋을까? 이 책은 수학을 두려워하는 어린이들에게 자신감과 흥미를 불어넣는 좋은 길잡이가 될 것이다."
9788952228956,"노벨 생리학상으로 보는 재미있고 놀라운 의학의 세계!『하리하라의 청소년을 위한 의학 이야기』.《하리하라의 과학 블로그》,《하리하라의 생물학 카페》등 다양한 과학교양서로 단연 베스트셀러 과학저술가로 이름을 떨치고 있는 저자 이은희가 미래의 의학계에서 일하고자 하는 청소년들을 위해 어렵고 막연하게만 생각하고 있던 의학 분야에 대해 친근하게 다가갈 수 있도록 구성한 과학 교양서이다. "
9788931582598,
9791156641179,"『공학 기초수학』은 이공계 분야를 전공하는 학생을 대상으로 하며, 수학에 대한 자신감이 부족하거나 수학적 기초가 약한 학생들이 기초부터 차근차근 이해할 수 있도록 구성하였다. 특히 고등학교에서 배운 수학지식이 부족하면 전공에서 다루는 수학을 이해하기 어려우므로, 이 책은 독학하는 학생들도 무리 없이 쉽게 이해하고 따라할 수 있도록 내용을 구성하였으며, 원하는 전공의 수학적 내용을 쉽게 이해할 수 있는 토대를 제공하고자 하였다."
9788987999364,"『새빨간 거짓말, 통계』는 '통계로 사기 치는 방법을 알려주는 일종의 입문서'로 자신의 책을 묘사하며 표본, 평균, 오차, 그래프, 지수 등을 비롯한 민주사회에서 필요한 여러 도구들을 묘사했다. 또 통계전문가들이 즐겨 사용하는 모든 형태의 통계를 제시하여, 표본 연구, 도표화, 인터뷰 기법, 숫자로부터 결론을 추출하는 방법 등을 분석하여 이러한 형태의 통계들이 정보를 전달하기보단 사람을 바보로 만들기 위한 속임수임을 보여준다."
9791156330103,"『탐정이 된 과학자들』은 과학에 대한 지식을 재미있게 접할 수 있는 책이다. 치명적인 전염병이 처음 등장했을 때, 인류를 지키기 위해 나선 과학자들은 목숨을 걸어야 했다. 감염의 위험과 세상의 조롱을 무릅쓰고 페이션트 제로를 추적해 전염병의 미스터리를 풀다. “최초 감염자를 찾습니다!”"
9788972911975,"『시간의 역사』는 세계적 석학이 쓴 우주와 시간의 역사. 우주의 본질에대한 최첨단의 이론을 다룬 책으로 `우리의 우주상`  `팽창하는 우주` `우주의 기원과 운명` `벌레구멍과  시간여행` 등 12개 장으로 나누어 우주의 원리와 구성을 풍부한 원색의 그림과 함께 설명했다. 이 책을 통해 인류가 세계와 우주에 대해서 가지고 있던 상들이 어떻게 변화했는지 그 과정을 일목요연하게 추적할 수 있다. 특히 금세기 초에 기존의 과학을 뿌리채 흔들어놓은 아인슈타인의 특수상대성이론 및 일반상대성이론과 양자론을 비롯해서 소립자 물리학, 불랙홀, 초끈 이론에 이르기까지 현대 물리학의 줄기에 해당하는 중심적인 사상들 모두 살펴볼 수 있다."
9788987527598,"인문학과 경제학ㆍ건축ㆍ수학ㆍ의학ㆍ과학의 만남에 이어, 통계학과 다른 학문과의 만남을 다룬 ‘융합과 통섭의 지식 콘서트’ 시리즈 제6권 『통계학, 빅데이터를 잡다』가 출간된다. 제4차 산업혁명 시대에서 중요한 자리를 차지하고 있는 빅데이터와 인공지능의 근간이 되는 통계학의 실체를 인문적 시선으로 풀어내는 이 책은 사회·경제·의학·과학·생물학·금융 등 여러 분야를 두루 넘나드는 통계학의 융합적인 면모를 여실히 보여주고 있다. 이로써 독자들은 통계학이 더 이상 골치 아픈 수치만이 아니라 우리 삶과 밀접한 아주 매력적인 학문임을 알게 될 것이다."
9788932918105,"『면역에 관하여』는 면역학이라는 난해한 과학을, 시적 은유를 동원해 아름답게, 동시에 냉철하게 서술한 책이다. 우리는 바르고 깨끗한 생활을 한다면, 더럽고 오염된 것들과의 접촉을 피한다면 우리를, 또 우리의 아이를 질병과 온갖 악덕으로부터 보호할 수 있을 것이라고 믿는다. 저자는 이것이 ‘환상’이라고 지적한다. 우리 몸은 태어날 때부터 화학 물질과 미생물, 병균과 다른 사람의 피와 살로 가득 차 있다. 이 책이 거듭 지적하듯이, 우리는 한 번도 독자적으로 존재한 적이 없다. "
9788955268805,▶ 이 책은 대학물리학을 다룬 이론서입니다. 물리학의 기초적이고 전반적인 내용을 학습할 수 있도록 구성했습니다.
9788983719201,은 보이저 2호가 태양계 외곽인 해왕성 궤도 밖에서 찍어 보낸 사진 속의 지구 모습이다. 우주와 행성 탐험 역사의 기록인 동시에 우주 여행이나 외계인과의 조우 등 단지 꿈으로만 여겨져온 것들에 대한 과학적 접근과 전망을 다룬 안내서이다.
9791190147125,"인스타그램에서 싱그러운 초록의 플랜테리어 사진이 눈에 들어오고, 언젠가 정원 가꾸기 취미를 가져보리라 마음먹었다면 당신은 식물을 사랑하는 사람이다. 큰맘 먹고 사무실 책상 위에, 혹은 집 안에 작은 화분 두어 개를 놓고 정성을 들여 봐도 식물은 얼마 못 가서 비실비실 작별을 고한다. 이 과정을 몇 번 반복하고 나면 ‘나는 식물 키우는 데는 소질이 없구나’ 하고 포기하게 된다. 그러나 여전히 우리는 멋진 초록빛으로 가득한 나만의 정원을 꿈꾼다."
9788968240904,▶ 이 책은 생명과학을 다룬 이론서입니다. 생명과학의 기초적이고 전반적인 내용을 학습할 수 있습니다.
9791189932176,"《나우: 시간의 물리학》은 물리학의 풀리지 않은 오랜 수수께끼인 ‘지금’의 의미와 시간의 흐름을 설명하는 책이다. 《대통령을 위한 물리학》으로 유명한 실험물리학자 리처드 뮬러는 이 퍼즐을 풀기 위해 상대성이론, 양자물리학, 빅뱅이론 등 현대 물리학이 시간에 대해 알아낸 사실들을 하나하나 검토하고, 엔트로피와 물리주의 같은 잘못 맞춰진 조각들을 제거한 후, ‘4차원 빅뱅’이라는 검증 가능한 이론을 제시한다. 이 책은 이론가가 아닌 실험물리학자가 시간에 대해 본격적으로 논한 최초의 책으로서, 현대 물리학이 시간에 대해 무엇을 알고 무엇을 모르는지를 상세히 설명한다. 뮬러는 실험을 통해 시간의 처음과 끝을 연구한 바 있다. 그는 빅뱅 후 50만 년경 아기 우주가 방출한 우주 마이크로파 배경복사를 관측함으로써 ‘시간의 처음’을 측정했고, 초신성 관측을 통해 우주의 가속 팽창을 발견함으로써 ‘시간의 끝’(빅 크런치)은 없을 것임을 밝혔다. 그는 ‘지금’을 인간의 자유의지가 행사될 수 있는 유일한 순간으로 규정함으로써 물리학뿐 아니라 철학에도 중요한 함의를 가지는 주장을 펼친다."
9788971292693,"『일반물리학 문제풀이집』은 Halliday, Resnik, Walker의 《Principles of Physics》 10판의 연습문제 중 홀수 문제를 중심으로 발췌한 문제풀이집이다."
9788962623154,"《세상물정의 물리학》에서 통계물리학으로 사회를 바라보는 새로운 시각을 보여준 복잡계 물리학자 김범준 교수가 어떻게 작은 부분들이 전체로서의 사건이 되고 현상이 되는지 통계물리학의 방법으로 조명하는 『관계의 과학』. 저자는 4년 만에 펴낸 이번 책에서 우리의 일상과 친구 관계에서부터 사회 현상과 재해 등 자연현상까지 복잡한 세상의 숨은 규칙과 패턴을 연결망(Network)을 만들어 살펴보고, 연결고리를 찾아 전체의 의미를 읽는다. "
9788965400912,"[미적분으로 바라본 하루]는 어렵게 느끼던 미적분을 일상의 하루를 통해 스토리텔링으로 쉽게 이해할 수 있도록 풀어쓴 책이다. 미적분학을 통해 사람의 혈관이 특정한 각도를 유지하면서 나뉘는 이유를 설명하고, 왜 공중으로 던진 모든 물체가 포물선을 그리는지, 시간 여행을 할 수 있다는 것, 우주가 팽창하고 있다는 것을 증명하면서 우리가 알고 있는 시간과 공간에 대해서 다시 생각해 보게 한다."
9791195568758,"양자역학의 창시자 베르너 하이젠베르크가 펼쳐 놓는 원자물리학의 황금시대에 대한 증언 『부분과 전체』정식 한국어판. 이 책은 베르너 하이젠베르크의 자서전으로 원자라는 미시 세계를 이해하는 데 혁명을 일으킨 양자역학의 발전에 참여한 수많은 천재들의 캐릭터와 일화가 기록돼 있다. 선지자적인 분위기를 풍기면서도 유머러스한 멘토 닐스 보어, 십대 때 상대성이론에 대한 논문을 발표한 수학 천재 볼프강 파울리, 상대성이론으로 과학자들의 상상력을 자극한 아인슈타인, 플랑크 상수로 유명한 독일 과학계의 정신적 지주 막스 플랑크, 양자역학의 난제를 우아한 수학으로 정식화한 슈뢰딩거 등  20세기 과학의 최고의 천재들이 펼치는 토론과 대화, 새로운 이론에 대한 다양한 사고실험 등은 학문이라는 것이 어떠한 과정을 통해 탄생하는 지 살펴볼 수 있다. 더불어 양자역학의 발전 과정뿐 아니라 과학에 관해서 못지않게 인간적, 철학적, 정치적인 다양한 문제들도 다룬다."
